run_name,variant,dataset,seed,cache_variant,auc,ap,n_videos,n_frames,start_time,end_time,config_hash,method,corruption_type,severity,lr,rho,backbone
ucf_skeleton_only_s42,skeleton_only,ucf,42,,0.7178903440872971,0.1475691720716477,254,1097050,2026-04-16T02:43:45,2026-04-16T02:45:26,effb3066d355de3f91dc96963a574b1b8ed3575c39f7e4c679f20937ae577b72,,,,,,
ucf_clip_only_s42,clip_only,ucf,42,,0.811182229671173,0.21192085906001315,254,1097050,2026-04-16T02:45:27,2026-04-16T02:46:59,653aae8a32bfab83ecf187a27e4b9b0b548ac264377baf48efa37c788257d33d,,,,,,
ucf_late_fusion_s42,late_fusion,ucf,42,,0.7858417217144255,0.1856086401158389,254,1097050,2026-04-16T02:47:00,2026-04-16T02:48:31,063c7d1d2a7f6b36fba646014a083807ad0de213868ea265f0c6f2f6de5fd4d1,,,,,,
ucf_gated_fusion_s42,gated_fusion,ucf,42,,0.8166866512158107,0.21826175514266916,254,1097050,2026-04-16T02:48:32,2026-04-16T02:49:38,3ba20428bf2e48418a2971d36ed21ae12df44fcf4960e16a4b6e04fee02417c7,,,,,,
ucf_gated_fusion_clip_mean_s42,gated_fusion,ucf,42,clip_mean,0.8107869257957537,0.2196207932120879,254,1097050,2026-04-16T02:59:19,2026-04-16T03:00:28,dbcdd9ad5053eb00157431e66ecc010134723c9151682588c803f736236fb3c7,,,,,,
ucf_gated_fusion_2person_s42,gated_fusion,ucf,42,2person,0.8111727069512238,0.21111099360972757,254,1097050,2026-04-16T03:02:18,2026-04-16T03:03:24,4a7047c4bb1f8768de4b09e4ed0355726fae598e78aa23c9372e90825d321ca1,,,,,,
ucf_gated_fusion_s123,gated_fusion,ucf,123,,0.811087684152272,0.215401020163739,254,1097050,2026-04-16T03:05:34,2026-04-16T03:06:38,471eec420e6fab4822a34465b0afc1c1fba790641d09d3212be7cc1f27ce84d2,,,,,,
ucf_gated_fusion_s2024,gated_fusion,ucf,2024,,0.8139594359930082,0.2235076263920652,254,1097050,2026-04-16T03:06:39,2026-04-16T03:07:42,c1c1bdee3d1f2cbfadabdaa0ebf0528601b184f401c224a149098aff77ad7b30,,,,,,
xd_i3d_rtfm_i3d_s42,rtfm_i3d,xd_i3d,42,,0.8674767014540635,0.656974989103149,800,2330384,2026-04-16T14:07:41,2026-04-16T14:15:44,6cad08b3aed911765dae5da18e9a3df90b589f24cc0b974f3a39f4b4f0c6c8e3,,,,,,
xd_i3d_rtfm_i3d_flow_s42,rtfm_i3d_flow,xd_i3d,42,,0.8341332226827138,0.5915678365691767,800,2330384,2026-04-16T14:54:53,2026-04-16T15:11:50,6450a3c73b76cb53dede632e6a1b90c821b4ce0afe44dbad197b7d6c09a67162,,,,,,
xd_skeleton_only_s42,skeleton_only,xd,42,,0.7181172526757724,0.40940663916679065,800,2313024,2026-04-27T01:38:10,2026-04-27T01:39:57,b61e7967d2cc09af635f3fa5fe345065a3449f53d953e1324682db003c671542,,,,,,
xd_clip_only_s42,clip_only,xd,42,,0.9190175867158159,0.7490792509886378,800,2313024,2026-04-27T01:39:58,2026-04-27T01:42:02,23d30ccee4d707efdbcb0df3d996f13633f6629ae4c21df113c1450955f6390d,,,,,,
xd_late_fusion_s42,late_fusion,xd,42,,0.888074148171903,0.644298052131184,800,2313024,2026-04-27T01:42:03,2026-04-27T01:45:22,437f111d8c9c3864ca76c71bb4ab9209487804c75ac227d5906ddb947a34a7a1,,,,,,
xd_gated_fusion_s42,gated_fusion,xd,42,,0.9236057512267634,0.7661639329419628,800,2313024,2026-04-27T01:45:23,2026-04-27T01:47:44,0970746fbdbff1b29776f6c904951f99dac7fc31dfacd596a1d516b4dc1150de,,,,,,
xd_gated_fusion_s123,gated_fusion,xd,123,,0.925298810702002,0.7734284574726249,800,2313024,2026-04-27T01:48:38,2026-04-27T01:50:07,ad8ebf5eb5813e41b109cb100be507d322fdad3b9fa5acf8e6d5b226a9373527,,,,,,
xd_gated_fusion_s2024,gated_fusion,xd,2024,,0.9225190195697895,0.7557097267286276,800,2313024,2026-04-27T01:50:09,2026-04-27T01:52:41,b0eb3181017c7937a404c4303dfb3feff58aea503c466d150f4f499bfabea179,,,,,,
xd_gated_fusion_2person_s42,gated_fusion,xd,42,2person,0.922248465137336,0.7481923945369352,800,2313024,2026-04-28T00:58:24,2026-04-28T01:01:14,37b61ffa51aa559741955a59f6f8194cb4f3f434591fbf8948f7b06028601440,,,,,,
xd_gated_fusion_clip_mean_s42,gated_fusion,xd,42,clip_mean,0.9235210965922692,0.7678476700530148,800,2313024,2026-04-28T01:01:14,2026-04-28T01:04:22,b05fdde57af350bfa662fc45ab10246fd4976a499372efab19e25a8f3c9e5c9a,,,,,,
source_only_gaussian_noise_1_lr0.0,gated_fusion,ucf,42,gaussian_noise_1,0.6395877944920858,0.10715938100147857,254,1010560,2026-04-29T06:05:43,2026-04-29T06:05:51,,source_only,gaussian_noise,1,0.0,,
source_only_gaussian_noise_2_lr0.0,gated_fusion,ucf,42,gaussian_noise_2,0.5313669389026437,0.07843296325709714,254,1010560,2026-04-29T06:05:51,2026-04-29T06:06:24,,source_only,gaussian_noise,2,0.0,,
source_only_gaussian_noise_3_lr0.0,gated_fusion,ucf,42,gaussian_noise_3,0.49942856457515783,0.07247812882650208,254,1010560,2026-04-29T06:06:24,2026-04-29T06:06:32,,source_only,gaussian_noise,3,0.0,,
source_only_gaussian_noise_4_lr0.0,gated_fusion,ucf,42,gaussian_noise_4,0.5243506002354446,0.07783577079419073,254,1010560,2026-04-29T06:06:32,2026-04-29T06:07:04,,source_only,gaussian_noise,4,0.0,,
source_only_gaussian_noise_5_lr0.0,gated_fusion,ucf,42,gaussian_noise_5,0.49699485386468384,0.07167218643733955,254,1010560,2026-04-29T06:07:04,2026-04-29T06:07:12,,source_only,gaussian_noise,5,0.0,,
source_only_jpeg_compression_1_lr0.0,gated_fusion,ucf,42,jpeg_compression_1,0.5591560639141979,0.10798853953955571,254,1010560,2026-04-29T06:07:12,2026-04-29T06:07:44,,source_only,jpeg_compression,1,0.0,,
source_only_jpeg_compression_2_lr0.0,gated_fusion,ucf,42,jpeg_compression_2,0.45337380370928404,0.06626169705438105,254,1010560,2026-04-29T06:07:44,2026-04-29T06:07:52,,source_only,jpeg_compression,2,0.0,,
source_only_jpeg_compression_3_lr0.0,gated_fusion,ucf,42,jpeg_compression_3,0.4406244829507441,0.06632828123922632,254,1010560,2026-04-29T06:07:52,2026-04-29T06:08:24,,source_only,jpeg_compression,3,0.0,,
source_only_jpeg_compression_4_lr0.0,gated_fusion,ucf,42,jpeg_compression_4,0.4103320562508317,0.06217107478326138,254,1010560,2026-04-29T06:08:24,2026-04-29T06:08:32,,source_only,jpeg_compression,4,0.0,,
source_only_jpeg_compression_5_lr0.0,gated_fusion,ucf,42,jpeg_compression_5,0.4376783011715129,0.06285890737100505,254,1010560,2026-04-29T06:08:32,2026-04-29T06:09:04,,source_only,jpeg_compression,5,0.0,,
source_only_brightness_1_lr0.0,gated_fusion,ucf,42,brightness_1,0.785975082057124,0.220977633478222,254,1010560,2026-04-29T06:09:05,2026-04-29T06:09:12,,source_only,brightness,1,0.0,,
source_only_brightness_2_lr0.0,gated_fusion,ucf,42,brightness_2,0.7783314958758001,0.18652032918446632,254,1010560,2026-04-29T06:09:12,2026-04-29T06:09:44,,source_only,brightness,2,0.0,,
source_only_brightness_3_lr0.0,gated_fusion,ucf,42,brightness_3,0.7825695087385265,0.18941579677068726,254,1010560,2026-04-29T06:09:45,2026-04-29T06:09:52,,source_only,brightness,3,0.0,,
source_only_brightness_4_lr0.0,gated_fusion,ucf,42,brightness_4,0.7868374726008455,0.24732686100001036,254,1010560,2026-04-29T06:09:52,2026-04-29T06:10:24,,source_only,brightness,4,0.0,,
source_only_brightness_5_lr0.0,gated_fusion,ucf,42,brightness_5,0.7726000765229591,0.19499018192867487,254,1010560,2026-04-29T06:10:25,2026-04-29T06:10:32,,source_only,brightness,5,0.0,,
source_only_motion_blur_1_lr0.0,gated_fusion,ucf,42,motion_blur_1,0.7210073454706645,0.16581871212437072,254,1010560,2026-04-29T06:10:32,2026-04-29T06:11:04,,source_only,motion_blur,1,0.0,,
source_only_motion_blur_2_lr0.0,gated_fusion,ucf,42,motion_blur_2,0.6943754327832566,0.13403830446125045,254,1010560,2026-04-29T06:11:05,2026-04-29T06:11:37,,source_only,motion_blur,2,0.0,,
source_only_motion_blur_3_lr0.0,gated_fusion,ucf,42,motion_blur_3,0.6764232197624778,0.13918293059160167,254,1010560,2026-04-29T06:11:38,2026-04-29T06:11:44,,source_only,motion_blur,3,0.0,,
source_only_motion_blur_4_lr0.0,gated_fusion,ucf,42,motion_blur_4,0.6931976191007144,0.14401667824498007,254,1010560,2026-04-29T06:11:45,2026-04-29T06:11:52,,source_only,motion_blur,4,0.0,,
source_only_motion_blur_5_lr0.0,gated_fusion,ucf,42,motion_blur_5,0.6052303098966819,0.09757057326322041,254,1010560,2026-04-29T06:11:53,2026-04-29T06:12:24,,source_only,motion_blur,5,0.0,,
tent_gaussian_noise_1_lr0.0001,gated_fusion,ucf,42,gaussian_noise_1,0.6231224869692616,0.10765943410627342,254,1010560,2026-04-29T06:12:52,2026-04-29T06:13:02,,tent,gaussian_noise,1,0.0001,,
tent_gaussian_noise_1_lr0.0005,gated_fusion,ucf,42,gaussian_noise_1,0.6266287810166614,0.10525672685840992,254,1010560,2026-04-29T06:13:03,2026-04-29T06:13:12,,tent,gaussian_noise,1,0.0005,,
tent_gaussian_noise_1_lr0.001,gated_fusion,ucf,42,gaussian_noise_1,0.6049196196230324,0.10012736988506221,254,1010560,2026-04-29T06:13:12,2026-04-29T06:13:46,,tent,gaussian_noise,1,0.001,,
tent_gaussian_noise_1_lr0.005,gated_fusion,ucf,42,gaussian_noise_1,0.6240442258562423,0.10176217086230425,254,1010560,2026-04-29T06:13:47,2026-04-29T06:13:56,,tent,gaussian_noise,1,0.005,,
tent_gaussian_noise_2_lr0.0001,gated_fusion,ucf,42,gaussian_noise_2,0.5231075444530148,0.07667572613024126,254,1010560,2026-04-29T06:13:57,2026-04-29T06:14:31,,tent,gaussian_noise,2,0.0001,,
tent_gaussian_noise_2_lr0.0005,gated_fusion,ucf,42,gaussian_noise_2,0.5469263224521063,0.08403038351447667,254,1010560,2026-04-29T06:14:31,2026-04-29T06:14:41,,tent,gaussian_noise,2,0.0005,,
tent_gaussian_noise_2_lr0.001,gated_fusion,ucf,42,gaussian_noise_2,0.5255467827928113,0.07705390068260018,254,1010560,2026-04-29T06:14:41,2026-04-29T06:15:15,,tent,gaussian_noise,2,0.001,,
tent_gaussian_noise_2_lr0.005,gated_fusion,ucf,42,gaussian_noise_2,0.5435552811893896,0.08996659575497098,254,1010560,2026-04-29T06:15:16,2026-04-29T06:15:25,,tent,gaussian_noise,2,0.005,,
tent_gaussian_noise_3_lr0.0001,gated_fusion,ucf,42,gaussian_noise_3,0.524991340880274,0.0771293830727976,254,1010560,2026-04-29T06:15:26,2026-04-29T06:15:59,,tent,gaussian_noise,3,0.0001,,
tent_gaussian_noise_3_lr0.0005,gated_fusion,ucf,42,gaussian_noise_3,0.5252125174926489,0.07855210932243092,254,1010560,2026-04-29T06:16:00,2026-04-29T06:16:09,,tent,gaussian_noise,3,0.0005,,
tent_gaussian_noise_3_lr0.001,gated_fusion,ucf,42,gaussian_noise_3,0.5101100161710187,0.0813403202409728,254,1010560,2026-04-29T06:16:10,2026-04-29T06:16:44,,tent,gaussian_noise,3,0.001,,
tent_gaussian_noise_3_lr0.005,gated_fusion,ucf,42,gaussian_noise_3,0.5150993937044991,0.08583327836579246,254,1010560,2026-04-29T06:16:44,2026-04-29T06:16:54,,tent,gaussian_noise,3,0.005,,
tent_gaussian_noise_4_lr0.0001,gated_fusion,ucf,42,gaussian_noise_4,0.5278268629138433,0.07600485867601846,254,1010560,2026-04-29T06:16:54,2026-04-29T06:17:28,,tent,gaussian_noise,4,0.0001,,
tent_gaussian_noise_4_lr0.0005,gated_fusion,ucf,42,gaussian_noise_4,0.5230856661140163,0.07725155882126741,254,1010560,2026-04-29T06:17:29,2026-04-29T06:17:38,,tent,gaussian_noise,4,0.0005,,
tent_gaussian_noise_4_lr0.001,gated_fusion,ucf,42,gaussian_noise_4,0.5496224794662541,0.08564263099355697,254,1010560,2026-04-29T06:17:39,2026-04-29T06:18:12,,tent,gaussian_noise,4,0.001,,
tent_gaussian_noise_4_lr0.005,gated_fusion,ucf,42,gaussian_noise_4,0.4993354878701035,0.07324945607622296,254,1010560,2026-04-29T06:18:13,2026-04-29T06:18:22,,tent,gaussian_noise,4,0.005,,
tent_gaussian_noise_5_lr0.0001,gated_fusion,ucf,42,gaussian_noise_5,0.4839515596694761,0.07081729756532101,254,1010560,2026-04-29T06:18:23,2026-04-29T06:18:57,,tent,gaussian_noise,5,0.0001,,
tent_gaussian_noise_5_lr0.0005,gated_fusion,ucf,42,gaussian_noise_5,0.49506457712947055,0.07556579667351727,254,1010560,2026-04-29T06:18:57,2026-04-29T06:19:32,,tent,gaussian_noise,5,0.0005,,
tent_gaussian_noise_5_lr0.001,gated_fusion,ucf,42,gaussian_noise_5,0.516989262487072,0.07690803326675599,254,1010560,2026-04-29T06:19:33,2026-04-29T06:19:42,,tent,gaussian_noise,5,0.001,,
tent_gaussian_noise_5_lr0.005,gated_fusion,ucf,42,gaussian_noise_5,0.5010397479685592,0.0756308847284648,254,1010560,2026-04-29T06:19:43,2026-04-29T06:20:17,,tent,gaussian_noise,5,0.005,,
tent_jpeg_compression_1_lr0.0001,gated_fusion,ucf,42,jpeg_compression_1,0.5601035388717885,0.09330898119428252,254,1010560,2026-04-29T06:20:17,2026-04-29T06:20:52,,tent,jpeg_compression,1,0.0001,,
tent_jpeg_compression_1_lr0.0005,gated_fusion,ucf,42,jpeg_compression_1,0.5683015043034699,0.0942152808240863,254,1010560,2026-04-29T06:20:53,2026-04-29T06:21:02,,tent,jpeg_compression,1,0.0005,,
tent_jpeg_compression_1_lr0.001,gated_fusion,ucf,42,jpeg_compression_1,0.5757987467217284,0.1087378434135893,254,1010560,2026-04-29T06:21:03,2026-04-29T06:21:37,,tent,jpeg_compression,1,0.001,,
tent_jpeg_compression_1_lr0.005,gated_fusion,ucf,42,jpeg_compression_1,0.5738999837246074,0.0995518363372528,254,1010560,2026-04-29T06:21:37,2026-04-29T06:21:47,,tent,jpeg_compression,1,0.005,,
tent_jpeg_compression_2_lr0.0001,gated_fusion,ucf,42,jpeg_compression_2,0.46577850937382514,0.06992920725480897,254,1010560,2026-04-29T06:21:47,2026-04-29T06:22:21,,tent,jpeg_compression,2,0.0001,,
tent_jpeg_compression_2_lr0.0005,gated_fusion,ucf,42,jpeg_compression_2,0.49149707731248027,0.08279573392921863,254,1010560,2026-04-29T06:22:22,2026-04-29T06:22:56,,tent,jpeg_compression,2,0.0005,,
tent_jpeg_compression_2_lr0.001,gated_fusion,ucf,42,jpeg_compression_2,0.473118317050636,0.07003791241184928,254,1010560,2026-04-29T06:22:57,2026-04-29T06:23:06,,tent,jpeg_compression,2,0.001,,
tent_jpeg_compression_2_lr0.005,gated_fusion,ucf,42,jpeg_compression_2,0.47482683672774584,0.07304333979961117,254,1010560,2026-04-29T06:23:07,2026-04-29T06:23:35,,tent,jpeg_compression,2,0.005,,
tent_jpeg_compression_3_lr0.0001,gated_fusion,ucf,42,jpeg_compression_3,0.44592519371314254,0.06746794135316446,254,1010560,2026-04-29T06:23:36,2026-04-29T06:23:52,,tent,jpeg_compression,3,0.0001,,
tent_jpeg_compression_3_lr0.0005,gated_fusion,ucf,42,jpeg_compression_3,0.4321207119194671,0.06580775550378812,254,1010560,2026-04-29T06:23:52,2026-04-29T06:24:22,,tent,jpeg_compression,3,0.0005,,
tent_jpeg_compression_3_lr0.001,gated_fusion,ucf,42,jpeg_compression_3,0.45172049781585955,0.06896263308697391,254,1010560,2026-04-29T06:24:23,2026-04-29T06:24:39,,tent,jpeg_compression,3,0.001,,
tent_jpeg_compression_3_lr0.005,gated_fusion,ucf,42,jpeg_compression_3,0.4590176918462616,0.0739465496433239,254,1010560,2026-04-29T06:24:39,2026-04-29T06:25:08,,tent,jpeg_compression,3,0.005,,
tent_jpeg_compression_4_lr0.0001,gated_fusion,ucf,42,jpeg_compression_4,0.3978417571661672,0.060636908391437344,254,1010560,2026-04-29T06:25:09,2026-04-29T06:25:18,,tent,jpeg_compression,4,0.0001,,
tent_jpeg_compression_4_lr0.0005,gated_fusion,ucf,42,jpeg_compression_4,0.38094369609794954,0.057928870791403575,254,1010560,2026-04-29T06:25:19,2026-04-29T06:25:52,,tent,jpeg_compression,4,0.0005,,
tent_jpeg_compression_4_lr0.001,gated_fusion,ucf,42,jpeg_compression_4,0.4033931669036876,0.06036978263562699,254,1010560,2026-04-29T06:25:53,2026-04-29T06:26:02,,tent,jpeg_compression,4,0.001,,
tent_jpeg_compression_4_lr0.005,gated_fusion,ucf,42,jpeg_compression_4,0.393818410993722,0.05834480414166224,254,1010560,2026-04-29T06:26:03,2026-04-29T06:26:37,,tent,jpeg_compression,4,0.005,,
tent_jpeg_compression_5_lr0.0001,gated_fusion,ucf,42,jpeg_compression_5,0.432800110249817,0.06232965334644487,254,1010560,2026-04-29T06:26:37,2026-04-29T06:26:47,,tent,jpeg_compression,5,0.0001,,
tent_jpeg_compression_5_lr0.0005,gated_fusion,ucf,42,jpeg_compression_5,0.43561860289870463,0.062269394459657595,254,1010560,2026-04-29T06:26:47,2026-04-29T06:27:21,,tent,jpeg_compression,5,0.0005,,
tent_jpeg_compression_5_lr0.001,gated_fusion,ucf,42,jpeg_compression_5,0.4408748693781659,0.0638142978620315,254,1010560,2026-04-29T06:27:22,2026-04-29T06:27:56,,tent,jpeg_compression,5,0.001,,
tent_jpeg_compression_5_lr0.005,gated_fusion,ucf,42,jpeg_compression_5,0.44609863982676334,0.06382761326372377,254,1010560,2026-04-29T06:27:57,2026-04-29T06:28:06,,tent,jpeg_compression,5,0.005,,
tent_brightness_1_lr0.0001,gated_fusion,ucf,42,brightness_1,0.7860212230275754,0.19316317351003504,254,1010560,2026-04-29T06:28:07,2026-04-29T06:28:41,,tent,brightness,1,0.0001,,
tent_brightness_1_lr0.0005,gated_fusion,ucf,42,brightness_1,0.7745788428013413,0.16921600084155353,254,1010560,2026-04-29T06:28:41,2026-04-29T06:28:51,,tent,brightness,1,0.0005,,
tent_brightness_1_lr0.001,gated_fusion,ucf,42,brightness_1,0.7848789951331596,0.17845225461301362,254,1010560,2026-04-29T06:28:51,2026-04-29T06:29:25,,tent,brightness,1,0.001,,
tent_brightness_1_lr0.005,gated_fusion,ucf,42,brightness_1,0.7853631225904956,0.20133463669281107,254,1010560,2026-04-29T06:29:26,2026-04-29T06:29:35,,tent,brightness,1,0.005,,
tent_brightness_2_lr0.0001,gated_fusion,ucf,42,brightness_2,0.7704413274190599,0.18038546140765432,254,1010560,2026-04-29T06:29:36,2026-04-29T06:30:09,,tent,brightness,2,0.0001,,
tent_brightness_2_lr0.0005,gated_fusion,ucf,42,brightness_2,0.7769142081455326,0.18232045517007947,254,1010560,2026-04-29T06:30:10,2026-04-29T06:30:19,,tent,brightness,2,0.0005,,
tent_brightness_2_lr0.001,gated_fusion,ucf,42,brightness_2,0.7790516682860962,0.2003456757576989,254,1010560,2026-04-29T06:30:20,2026-04-29T06:30:54,,tent,brightness,2,0.001,,
tent_brightness_2_lr0.005,gated_fusion,ucf,42,brightness_2,0.7847728092845747,0.18602229473035853,254,1010560,2026-04-29T06:30:54,2026-04-29T06:31:05,,tent,brightness,2,0.005,,
tent_brightness_3_lr0.0001,gated_fusion,ucf,42,brightness_3,0.7736905554481927,0.1768616811858931,254,1010560,2026-04-29T06:31:05,2026-04-29T06:31:39,,tent,brightness,3,0.0001,,
tent_brightness_3_lr0.0005,gated_fusion,ucf,42,brightness_3,0.7926306424492682,0.1984777722431405,254,1010560,2026-04-29T06:31:40,2026-04-29T06:31:49,,tent,brightness,3,0.0005,,
tent_brightness_3_lr0.001,gated_fusion,ucf,42,brightness_3,0.7869454801560245,0.1955063033377453,254,1010560,2026-04-29T06:31:50,2026-04-29T06:32:23,,tent,brightness,3,0.001,,
tent_brightness_3_lr0.005,gated_fusion,ucf,42,brightness_3,0.8002009138701107,0.2466584819822168,254,1010560,2026-04-29T06:32:24,2026-04-29T06:32:59,,tent,brightness,3,0.005,,
tent_brightness_4_lr0.0001,gated_fusion,ucf,42,brightness_4,0.7843790795520073,0.19427511847553003,254,1010560,2026-04-29T06:32:59,2026-04-29T06:33:09,,tent,brightness,4,0.0001,,
tent_brightness_4_lr0.0005,gated_fusion,ucf,42,brightness_4,0.7828791184901275,0.21447853415295437,254,1010560,2026-04-29T06:33:09,2026-04-29T06:33:43,,tent,brightness,4,0.0005,,
tent_brightness_4_lr0.001,gated_fusion,ucf,42,brightness_4,0.785477273940463,0.2366882753728554,254,1010560,2026-04-29T06:33:44,2026-04-29T06:33:53,,tent,brightness,4,0.001,,
tent_brightness_4_lr0.005,gated_fusion,ucf,42,brightness_4,0.7789914894589482,0.19626743352051876,254,1010560,2026-04-29T06:33:54,2026-04-29T06:34:27,,tent,brightness,4,0.005,,
tent_brightness_5_lr0.0001,gated_fusion,ucf,42,brightness_5,0.7728851914648163,0.19502052529244807,254,1010560,2026-04-29T06:34:28,2026-04-29T06:34:37,,tent,brightness,5,0.0001,,
tent_brightness_5_lr0.0005,gated_fusion,ucf,42,brightness_5,0.7611798469987194,0.16740045522206332,254,1010560,2026-04-29T06:34:38,2026-04-29T06:35:12,,tent,brightness,5,0.0005,,
tent_brightness_5_lr0.001,gated_fusion,ucf,42,brightness_5,0.7709830440226012,0.18114790872027398,254,1010560,2026-04-29T06:35:12,2026-04-29T06:35:22,,tent,brightness,5,0.001,,
tent_brightness_5_lr0.005,gated_fusion,ucf,42,brightness_5,0.770813187742563,0.18557644152035788,254,1010560,2026-04-29T06:35:22,2026-04-29T06:35:56,,tent,brightness,5,0.005,,
tent_motion_blur_1_lr0.0001,gated_fusion,ucf,42,motion_blur_1,0.7123912805157515,0.1522638418922609,254,1010560,2026-04-29T06:35:57,2026-04-29T06:36:06,,tent,motion_blur,1,0.0001,,
tent_motion_blur_1_lr0.0005,gated_fusion,ucf,42,motion_blur_1,0.7185775014217359,0.15299053591391615,254,1010560,2026-04-29T06:36:07,2026-04-29T06:36:41,,tent,motion_blur,1,0.0005,,
tent_motion_blur_1_lr0.001,gated_fusion,ucf,42,motion_blur_1,0.7157043397151546,0.15331755110570197,254,1010560,2026-04-29T06:36:41,2026-04-29T06:36:51,,tent,motion_blur,1,0.001,,
tent_motion_blur_1_lr0.005,gated_fusion,ucf,42,motion_blur_1,0.727024879918002,0.1693124535523191,254,1010560,2026-04-29T06:36:51,2026-04-29T06:37:25,,tent,motion_blur,1,0.005,,
tent_motion_blur_2_lr0.0001,gated_fusion,ucf,42,motion_blur_2,0.6823101717807634,0.13304647920379756,254,1010560,2026-04-29T06:37:26,2026-04-29T06:38:00,,tent,motion_blur,2,0.0001,,
tent_motion_blur_2_lr0.0005,gated_fusion,ucf,42,motion_blur_2,0.675618909511347,0.14259735713727303,254,1010560,2026-04-29T06:38:01,2026-04-29T06:38:35,,tent,motion_blur,2,0.0005,,
tent_motion_blur_2_lr0.001,gated_fusion,ucf,42,motion_blur_2,0.6702994190971467,0.13453184041595437,254,1010560,2026-04-29T06:38:36,2026-04-29T06:38:44,,tent,motion_blur,2,0.001,,
tent_motion_blur_2_lr0.005,gated_fusion,ucf,42,motion_blur_2,0.6698030129801684,0.13122547588010705,254,1010560,2026-04-29T06:38:45,2026-04-29T06:39:20,,tent,motion_blur,2,0.005,,
tent_motion_blur_3_lr0.0001,gated_fusion,ucf,42,motion_blur_3,0.6805418304738772,0.137637124997254,254,1010560,2026-04-29T06:39:20,2026-04-29T06:39:29,,tent,motion_blur,3,0.0001,,
tent_motion_blur_3_lr0.0005,gated_fusion,ucf,42,motion_blur_3,0.677012443616416,0.138360279444319,254,1010560,2026-04-29T06:39:30,2026-04-29T06:39:39,,tent,motion_blur,3,0.0005,,
tent_motion_blur_3_lr0.001,gated_fusion,ucf,42,motion_blur_3,0.6871480708389646,0.1367739937607281,254,1010560,2026-04-29T06:39:39,2026-04-29T06:40:13,,tent,motion_blur,3,0.001,,
tent_motion_blur_3_lr0.005,gated_fusion,ucf,42,motion_blur_3,0.6898122810132072,0.14995039302642438,254,1010560,2026-04-29T06:40:14,2026-04-29T06:40:22,,tent,motion_blur,3,0.005,,
tent_motion_blur_4_lr0.0001,gated_fusion,ucf,42,motion_blur_4,0.6866200974042882,0.1410602032649677,254,1010560,2026-04-29T06:40:23,2026-04-29T06:40:32,,tent,motion_blur,4,0.0001,,
tent_motion_blur_4_lr0.0005,gated_fusion,ucf,42,motion_blur_4,0.6812488223011682,0.14104186202677452,254,1010560,2026-04-29T06:40:33,2026-04-29T06:41:07,,tent,motion_blur,4,0.0005,,
tent_motion_blur_4_lr0.001,gated_fusion,ucf,42,motion_blur_4,0.6914725254655714,0.147094059446226,254,1010560,2026-04-29T06:41:07,2026-04-29T06:41:41,,tent,motion_blur,4,0.001,,
tent_motion_blur_4_lr0.005,gated_fusion,ucf,42,motion_blur_4,0.6968246190698468,0.14131576448248837,254,1010560,2026-04-29T06:41:42,2026-04-29T06:41:51,,tent,motion_blur,4,0.005,,
tent_motion_blur_5_lr0.0001,gated_fusion,ucf,42,motion_blur_5,0.601303549893465,0.10642236182663115,254,1010560,2026-04-29T06:41:52,2026-04-29T06:42:01,,tent,motion_blur,5,0.0001,,
tent_motion_blur_5_lr0.0005,gated_fusion,ucf,42,motion_blur_5,0.5781966662555873,0.09501056722768905,254,1010560,2026-04-29T06:42:02,2026-04-29T06:42:35,,tent,motion_blur,5,0.0005,,
tent_motion_blur_5_lr0.001,gated_fusion,ucf,42,motion_blur_5,0.5858669886601608,0.09628312418175854,254,1010560,2026-04-29T06:42:35,2026-04-29T06:42:44,,tent,motion_blur,5,0.001,,
tent_motion_blur_5_lr0.005,gated_fusion,ucf,42,motion_blur_5,0.5825367393372589,0.10168064149957425,254,1010560,2026-04-29T06:42:45,2026-04-29T06:43:19,,tent,motion_blur,5,0.005,,
sar_gaussian_noise_1_lr0.0001_rho0.001,gated_fusion,ucf,42,gaussian_noise_1,0.6298954670673214,0.09729834528359915,254,1010560,2026-04-29T06:43:47,2026-04-29T06:43:58,,sar,gaussian_noise,1,0.0001,0.001,
sar_gaussian_noise_1_lr0.0001_rho0.005,gated_fusion,ucf,42,gaussian_noise_1,0.6191222246769434,0.09824135149896773,254,1010560,2026-04-29T06:43:59,2026-04-29T06:44:35,,sar,gaussian_noise,1,0.0001,0.005,
sar_gaussian_noise_1_lr0.0001_rho0.01,gated_fusion,ucf,42,gaussian_noise_1,0.6298129812643295,0.10651582999749125,254,1010560,2026-04-29T06:44:35,2026-04-29T06:45:11,,sar,gaussian_noise,1,0.0001,0.01,
sar_gaussian_noise_1_lr0.0001_rho0.05,gated_fusion,ucf,42,gaussian_noise_1,0.6063520346619791,0.0973791757653555,254,1010560,2026-04-29T06:45:12,2026-04-29T06:45:24,,sar,gaussian_noise,1,0.0001,0.05,
sar_gaussian_noise_1_lr0.0001_rho0.1,gated_fusion,ucf,42,gaussian_noise_1,0.6229559526247775,0.10360004961628953,254,1010560,2026-04-29T06:45:25,2026-04-29T06:46:01,,sar,gaussian_noise,1,0.0001,0.1,
sar_gaussian_noise_1_lr0.0005_rho0.001,gated_fusion,ucf,42,gaussian_noise_1,0.6318772338036232,0.11087166604183467,254,1010560,2026-04-29T06:46:01,2026-04-29T06:46:12,,sar,gaussian_noise,1,0.0005,0.001,
sar_gaussian_noise_1_lr0.0005_rho0.005,gated_fusion,ucf,42,gaussian_noise_1,0.6279957396372977,0.09959125925027555,254,1010560,2026-04-29T06:46:13,2026-04-29T06:46:48,,sar,gaussian_noise,1,0.0005,0.005,
sar_gaussian_noise_1_lr0.0005_rho0.01,gated_fusion,ucf,42,gaussian_noise_1,0.6276056086682473,0.10377951909785958,254,1010560,2026-04-29T06:46:49,2026-04-29T06:46:59,,sar,gaussian_noise,1,0.0005,0.01,
sar_gaussian_noise_1_lr0.0005_rho0.05,gated_fusion,ucf,42,gaussian_noise_1,0.6404340307846854,0.10728337969335319,254,1010560,2026-04-29T06:47:00,2026-04-29T06:47:35,,sar,gaussian_noise,1,0.0005,0.05,
sar_gaussian_noise_1_lr0.0005_rho0.1,gated_fusion,ucf,42,gaussian_noise_1,0.6325870385602139,0.10300370590486765,254,1010560,2026-04-29T06:47:36,2026-04-29T06:47:47,,sar,gaussian_noise,1,0.0005,0.1,
sar_gaussian_noise_1_lr0.001_rho0.001,gated_fusion,ucf,42,gaussian_noise_1,0.6303578144149361,0.10786518405206288,254,1010560,2026-04-29T06:47:47,2026-04-29T06:48:23,,sar,gaussian_noise,1,0.001,0.001,
sar_gaussian_noise_1_lr0.001_rho0.005,gated_fusion,ucf,42,gaussian_noise_1,0.6308853860025696,0.10446316194714528,254,1010560,2026-04-29T06:48:23,2026-04-29T06:48:34,,sar,gaussian_noise,1,0.001,0.005,
sar_gaussian_noise_1_lr0.001_rho0.01,gated_fusion,ucf,42,gaussian_noise_1,0.6313039498823839,0.10747473218786938,254,1010560,2026-04-29T06:48:35,2026-04-29T06:49:10,,sar,gaussian_noise,1,0.001,0.01,
sar_gaussian_noise_1_lr0.001_rho0.05,gated_fusion,ucf,42,gaussian_noise_1,0.6060164923812139,0.09927127287078323,254,1010560,2026-04-29T06:49:11,2026-04-29T06:49:22,,sar,gaussian_noise,1,0.001,0.05,
sar_gaussian_noise_1_lr0.001_rho0.1,gated_fusion,ucf,42,gaussian_noise_1,0.6189312401723864,0.100728425120028,254,1010560,2026-04-29T06:49:22,2026-04-29T06:49:58,,sar,gaussian_noise,1,0.001,0.1,
sar_gaussian_noise_1_lr0.005_rho0.001,gated_fusion,ucf,42,gaussian_noise_1,0.630929240909844,0.10729907427411345,254,1010560,2026-04-29T06:49:58,2026-04-29T06:50:09,,sar,gaussian_noise,1,0.005,0.001,
sar_gaussian_noise_1_lr0.005_rho0.005,gated_fusion,ucf,42,gaussian_noise_1,0.6342534714570377,0.10454137406151477,254,1010560,2026-04-29T06:50:10,2026-04-29T06:50:45,,sar,gaussian_noise,1,0.005,0.005,
sar_gaussian_noise_1_lr0.005_rho0.01,gated_fusion,ucf,42,gaussian_noise_1,0.6184168848874952,0.1133173038028065,254,1010560,2026-04-29T06:50:45,2026-04-29T06:50:56,,sar,gaussian_noise,1,0.005,0.01,
sar_gaussian_noise_1_lr0.005_rho0.05,gated_fusion,ucf,42,gaussian_noise_1,0.6260080344946966,0.10163884216958677,254,1010560,2026-04-29T06:50:57,2026-04-29T06:51:32,,sar,gaussian_noise,1,0.005,0.05,
sar_gaussian_noise_1_lr0.005_rho0.1,gated_fusion,ucf,42,gaussian_noise_1,0.6234474472778988,0.10190274532412963,254,1010560,2026-04-29T06:51:32,2026-04-29T06:51:43,,sar,gaussian_noise,1,0.005,0.1,
sar_gaussian_noise_2_lr0.0001_rho0.001,gated_fusion,ucf,42,gaussian_noise_2,0.5205606021758049,0.07624337976980666,254,1010560,2026-04-29T06:51:44,2026-04-29T06:52:19,,sar,gaussian_noise,2,0.0001,0.001,
sar_gaussian_noise_2_lr0.0001_rho0.005,gated_fusion,ucf,42,gaussian_noise_2,0.5241885129982344,0.07586122350944312,254,1010560,2026-04-29T06:52:20,2026-04-29T06:52:31,,sar,gaussian_noise,2,0.0001,0.005,
sar_gaussian_noise_2_lr0.0001_rho0.01,gated_fusion,ucf,42,gaussian_noise_2,0.5584531352070067,0.08901731224554353,254,1010560,2026-04-29T06:52:31,2026-04-29T06:53:06,,sar,gaussian_noise,2,0.0001,0.01,
sar_gaussian_noise_2_lr0.0001_rho0.05,gated_fusion,ucf,42,gaussian_noise_2,0.5211136151462168,0.07873830074758766,254,1010560,2026-04-29T06:53:07,2026-04-29T06:53:18,,sar,gaussian_noise,2,0.0001,0.05,
sar_gaussian_noise_2_lr0.0001_rho0.1,gated_fusion,ucf,42,gaussian_noise_2,0.5245170988601915,0.0771546736088376,254,1010560,2026-04-29T06:53:19,2026-04-29T06:53:54,,sar,gaussian_noise,2,0.0001,0.1,
sar_gaussian_noise_2_lr0.0005_rho0.001,gated_fusion,ucf,42,gaussian_noise_2,0.5223281755083425,0.07703623924372603,254,1010560,2026-04-29T06:53:55,2026-04-29T06:54:31,,sar,gaussian_noise,2,0.0005,0.001,
sar_gaussian_noise_2_lr0.0005_rho0.005,gated_fusion,ucf,42,gaussian_noise_2,0.5155887898230634,0.07713183211223205,254,1010560,2026-04-29T06:54:31,2026-04-29T06:54:42,,sar,gaussian_noise,2,0.0005,0.005,
sar_gaussian_noise_2_lr0.0005_rho0.01,gated_fusion,ucf,42,gaussian_noise_2,0.5215880625547877,0.07802887645362849,254,1010560,2026-04-29T06:54:43,2026-04-29T06:55:18,,sar,gaussian_noise,2,0.0005,0.01,
sar_gaussian_noise_2_lr0.0005_rho0.05,gated_fusion,ucf,42,gaussian_noise_2,0.5208025319554587,0.07579514863535364,254,1010560,2026-04-29T06:55:19,2026-04-29T06:55:30,,sar,gaussian_noise,2,0.0005,0.05,
sar_gaussian_noise_2_lr0.0005_rho0.1,gated_fusion,ucf,42,gaussian_noise_2,0.5432320532880036,0.08163803228981989,254,1010560,2026-04-29T06:55:30,2026-04-29T06:56:05,,sar,gaussian_noise,2,0.0005,0.1,
sar_gaussian_noise_2_lr0.001_rho0.001,gated_fusion,ucf,42,gaussian_noise_2,0.5330027421248695,0.08033361173712476,254,1010560,2026-04-29T06:56:06,2026-04-29T06:56:42,,sar,gaussian_noise,2,0.001,0.001,
sar_gaussian_noise_2_lr0.001_rho0.005,gated_fusion,ucf,42,gaussian_noise_2,0.5349312953827658,0.08151355875036859,254,1010560,2026-04-29T06:56:42,2026-04-29T06:56:53,,sar,gaussian_noise,2,0.001,0.005,
sar_gaussian_noise_2_lr0.001_rho0.01,gated_fusion,ucf,42,gaussian_noise_2,0.5396159389087648,0.08683742409574305,254,1010560,2026-04-29T06:56:54,2026-04-29T06:57:29,,sar,gaussian_noise,2,0.001,0.01,
sar_gaussian_noise_2_lr0.001_rho0.05,gated_fusion,ucf,42,gaussian_noise_2,0.5321000329278504,0.08207231547945781,254,1010560,2026-04-29T06:57:30,2026-04-29T06:58:06,,sar,gaussian_noise,2,0.001,0.05,
sar_gaussian_noise_2_lr0.001_rho0.1,gated_fusion,ucf,42,gaussian_noise_2,0.5192489377082623,0.07540958196581005,254,1010560,2026-04-29T06:58:06,2026-04-29T06:58:17,,sar,gaussian_noise,2,0.001,0.1,
sar_gaussian_noise_2_lr0.005_rho0.001,gated_fusion,ucf,42,gaussian_noise_2,0.5456271866823657,0.08557824570469799,254,1010560,2026-04-29T06:58:17,2026-04-29T06:58:53,,sar,gaussian_noise,2,0.005,0.001,
sar_gaussian_noise_2_lr0.005_rho0.005,gated_fusion,ucf,42,gaussian_noise_2,0.535745544650756,0.08056385104383382,254,1010560,2026-04-29T06:58:54,2026-04-29T06:59:30,,sar,gaussian_noise,2,0.005,0.005,
sar_gaussian_noise_2_lr0.005_rho0.01,gated_fusion,ucf,42,gaussian_noise_2,0.5283024087043313,0.07724942882728472,254,1010560,2026-04-29T06:59:30,2026-04-29T06:59:40,,sar,gaussian_noise,2,0.005,0.01,
sar_gaussian_noise_2_lr0.005_rho0.05,gated_fusion,ucf,42,gaussian_noise_2,0.5378593672552666,0.0843741124248678,254,1010560,2026-04-29T06:59:41,2026-04-29T06:59:52,,sar,gaussian_noise,2,0.005,0.05,
sar_gaussian_noise_2_lr0.005_rho0.1,gated_fusion,ucf,42,gaussian_noise_2,0.5238710449044623,0.07882066293779962,254,1010560,2026-04-29T06:59:52,2026-04-29T07:00:28,,sar,gaussian_noise,2,0.005,0.1,
sar_gaussian_noise_3_lr0.0001_rho0.001,gated_fusion,ucf,42,gaussian_noise_3,0.5157572887530902,0.07590348905458616,254,1010560,2026-04-29T07:00:28,2026-04-29T07:01:04,,sar,gaussian_noise,3,0.0001,0.001,
sar_gaussian_noise_3_lr0.0001_rho0.005,gated_fusion,ucf,42,gaussian_noise_3,0.5084519506226202,0.0763323940020605,254,1010560,2026-04-29T07:01:05,2026-04-29T07:01:16,,sar,gaussian_noise,3,0.0001,0.005,
sar_gaussian_noise_3_lr0.0001_rho0.01,gated_fusion,ucf,42,gaussian_noise_3,0.5181127643092919,0.07507602188394041,254,1010560,2026-04-29T07:01:16,2026-04-29T07:01:52,,sar,gaussian_noise,3,0.0001,0.01,
sar_gaussian_noise_3_lr0.0001_rho0.05,gated_fusion,ucf,42,gaussian_noise_3,0.5202725224957654,0.07816177428037188,254,1010560,2026-04-29T07:01:52,2026-04-29T07:02:03,,sar,gaussian_noise,3,0.0001,0.05,
sar_gaussian_noise_3_lr0.0001_rho0.1,gated_fusion,ucf,42,gaussian_noise_3,0.5177203204872617,0.07521848989998427,254,1010560,2026-04-29T07:02:04,2026-04-29T07:02:39,,sar,gaussian_noise,3,0.0001,0.1,
sar_gaussian_noise_3_lr0.0005_rho0.001,gated_fusion,ucf,42,gaussian_noise_3,0.4972256569462183,0.07286876180705042,254,1010560,2026-04-29T07:02:39,2026-04-29T07:02:50,,sar,gaussian_noise,3,0.0005,0.001,
sar_gaussian_noise_3_lr0.0005_rho0.005,gated_fusion,ucf,42,gaussian_noise_3,0.5230027516741784,0.07777762163857423,254,1010560,2026-04-29T07:02:51,2026-04-29T07:03:26,,sar,gaussian_noise,3,0.0005,0.005,
sar_gaussian_noise_3_lr0.0005_rho0.01,gated_fusion,ucf,42,gaussian_noise_3,0.4969749579710965,0.07270754372469582,254,1010560,2026-04-29T07:03:27,2026-04-29T07:03:38,,sar,gaussian_noise,3,0.0005,0.01,
sar_gaussian_noise_3_lr0.0005_rho0.05,gated_fusion,ucf,42,gaussian_noise_3,0.5094159191688353,0.07529534027504692,254,1010560,2026-04-29T07:03:38,2026-04-29T07:04:13,,sar,gaussian_noise,3,0.0005,0.05,
sar_gaussian_noise_3_lr0.0005_rho0.1,gated_fusion,ucf,42,gaussian_noise_3,0.5294617195630347,0.07902371274191952,254,1010560,2026-04-29T07:04:14,2026-04-29T07:04:25,,sar,gaussian_noise,3,0.0005,0.1,
sar_gaussian_noise_3_lr0.001_rho0.001,gated_fusion,ucf,42,gaussian_noise_3,0.5175238172833164,0.07837281184079516,254,1010560,2026-04-29T07:04:26,2026-04-29T07:05:01,,sar,gaussian_noise,3,0.001,0.001,
sar_gaussian_noise_3_lr0.001_rho0.005,gated_fusion,ucf,42,gaussian_noise_3,0.5102713265039459,0.08508139025388303,254,1010560,2026-04-29T07:05:02,2026-04-29T07:05:12,,sar,gaussian_noise,3,0.001,0.005,
sar_gaussian_noise_3_lr0.001_rho0.01,gated_fusion,ucf,42,gaussian_noise_3,0.5100063307040335,0.07432375778177788,254,1010560,2026-04-29T07:05:13,2026-04-29T07:05:48,,sar,gaussian_noise,3,0.001,0.01,
sar_gaussian_noise_3_lr0.001_rho0.05,gated_fusion,ucf,42,gaussian_noise_3,0.5180223576545888,0.08537612170691727,254,1010560,2026-04-29T07:05:49,2026-04-29T07:06:00,,sar,gaussian_noise,3,0.001,0.05,
sar_gaussian_noise_3_lr0.001_rho0.1,gated_fusion,ucf,42,gaussian_noise_3,0.5175321578419388,0.07682747581309518,254,1010560,2026-04-29T07:06:00,2026-04-29T07:06:36,,sar,gaussian_noise,3,0.001,0.1,
sar_gaussian_noise_3_lr0.005_rho0.001,gated_fusion,ucf,42,gaussian_noise_3,0.5045790649129456,0.0810582560201761,254,1010560,2026-04-29T07:06:36,2026-04-29T07:06:47,,sar,gaussian_noise,3,0.005,0.001,
sar_gaussian_noise_3_lr0.005_rho0.005,gated_fusion,ucf,42,gaussian_noise_3,0.5277184624415556,0.07727308511632125,254,1010560,2026-04-29T07:06:48,2026-04-29T07:07:23,,sar,gaussian_noise,3,0.005,0.005,
sar_gaussian_noise_3_lr0.005_rho0.01,gated_fusion,ucf,42,gaussian_noise_3,0.5131417824404388,0.0857108479048888,254,1010560,2026-04-29T07:07:24,2026-04-29T07:07:34,,sar,gaussian_noise,3,0.005,0.01,
sar_gaussian_noise_3_lr0.005_rho0.05,gated_fusion,ucf,42,gaussian_noise_3,0.5037014577612021,0.0729629154164497,254,1010560,2026-04-29T07:07:35,2026-04-29T07:08:10,,sar,gaussian_noise,3,0.005,0.05,
sar_gaussian_noise_3_lr0.005_rho0.1,gated_fusion,ucf,42,gaussian_noise_3,0.5094077929286358,0.07502524533904847,254,1010560,2026-04-29T07:08:11,2026-04-29T07:08:22,,sar,gaussian_noise,3,0.005,0.1,
sar_gaussian_noise_4_lr0.0001_rho0.001,gated_fusion,ucf,42,gaussian_noise_4,0.5120775664519381,0.07716901209986204,254,1010560,2026-04-29T07:08:22,2026-04-29T07:08:58,,sar,gaussian_noise,4,0.0001,0.001,
sar_gaussian_noise_4_lr0.0001_rho0.005,gated_fusion,ucf,42,gaussian_noise_4,0.5095646025746834,0.07312346828537108,254,1010560,2026-04-29T07:08:58,2026-04-29T07:09:09,,sar,gaussian_noise,4,0.0001,0.005,
sar_gaussian_noise_4_lr0.0001_rho0.01,gated_fusion,ucf,42,gaussian_noise_4,0.5607813119540985,0.08913964032400497,254,1010560,2026-04-29T07:09:10,2026-04-29T07:09:45,,sar,gaussian_noise,4,0.0001,0.01,
sar_gaussian_noise_4_lr0.0001_rho0.05,gated_fusion,ucf,42,gaussian_noise_4,0.524602165414192,0.07912849194660052,254,1010560,2026-04-29T07:09:46,2026-04-29T07:09:57,,sar,gaussian_noise,4,0.0001,0.05,
sar_gaussian_noise_4_lr0.0001_rho0.1,gated_fusion,ucf,42,gaussian_noise_4,0.5240977312862914,0.07734322873414277,254,1010560,2026-04-29T07:09:57,2026-04-29T07:10:33,,sar,gaussian_noise,4,0.0001,0.1,
sar_gaussian_noise_4_lr0.0005_rho0.001,gated_fusion,ucf,42,gaussian_noise_4,0.5318508163218199,0.08064298614981094,254,1010560,2026-04-29T07:10:33,2026-04-29T07:10:44,,sar,gaussian_noise,4,0.0005,0.001,
sar_gaussian_noise_4_lr0.0005_rho0.005,gated_fusion,ucf,42,gaussian_noise_4,0.4996550723583011,0.07494423457332108,254,1010560,2026-04-29T07:10:45,2026-04-29T07:11:20,,sar,gaussian_noise,4,0.0005,0.005,
sar_gaussian_noise_4_lr0.0005_rho0.01,gated_fusion,ucf,42,gaussian_noise_4,0.5343684773445088,0.07870524947026297,254,1010560,2026-04-29T07:11:21,2026-04-29T07:11:57,,sar,gaussian_noise,4,0.0005,0.01,
sar_gaussian_noise_4_lr0.0005_rho0.05,gated_fusion,ucf,42,gaussian_noise_4,0.5017268081825257,0.07347061917442496,254,1010560,2026-04-29T07:11:57,2026-04-29T07:12:08,,sar,gaussian_noise,4,0.0005,0.05,
sar_gaussian_noise_4_lr0.0005_rho0.1,gated_fusion,ucf,42,gaussian_noise_4,0.5064879901752831,0.0781063710917311,254,1010560,2026-04-29T07:12:09,2026-04-29T07:12:44,,sar,gaussian_noise,4,0.0005,0.1,
sar_gaussian_noise_4_lr0.001_rho0.001,gated_fusion,ucf,42,gaussian_noise_4,0.5232556742029372,0.0794315783923529,254,1010560,2026-04-29T07:12:45,2026-04-29T07:12:56,,sar,gaussian_noise,4,0.001,0.001,
sar_gaussian_noise_4_lr0.001_rho0.005,gated_fusion,ucf,42,gaussian_noise_4,0.5038500518677073,0.07182314786617724,254,1010560,2026-04-29T07:12:57,2026-04-29T07:13:32,,sar,gaussian_noise,4,0.001,0.005,
sar_gaussian_noise_4_lr0.001_rho0.01,gated_fusion,ucf,42,gaussian_noise_4,0.5101827862055084,0.07382173383943458,254,1010560,2026-04-29T07:13:32,2026-04-29T07:13:43,,sar,gaussian_noise,4,0.001,0.01,
sar_gaussian_noise_4_lr0.001_rho0.05,gated_fusion,ucf,42,gaussian_noise_4,0.5068237110547339,0.07609456546794738,254,1010560,2026-04-29T07:13:44,2026-04-29T07:14:19,,sar,gaussian_noise,4,0.001,0.05,
sar_gaussian_noise_4_lr0.001_rho0.1,gated_fusion,ucf,42,gaussian_noise_4,0.503360843277763,0.075659335747914,254,1010560,2026-04-29T07:14:20,2026-04-29T07:14:31,,sar,gaussian_noise,4,0.001,0.1,
sar_gaussian_noise_4_lr0.005_rho0.001,gated_fusion,ucf,42,gaussian_noise_4,0.49803471792238885,0.07090206630013744,254,1010560,2026-04-29T07:14:31,2026-04-29T07:15:07,,sar,gaussian_noise,4,0.005,0.001,
sar_gaussian_noise_4_lr0.005_rho0.005,gated_fusion,ucf,42,gaussian_noise_4,0.4822303505557472,0.07171717762690492,254,1010560,2026-04-29T07:15:07,2026-04-29T07:15:43,,sar,gaussian_noise,4,0.005,0.005,
sar_gaussian_noise_4_lr0.005_rho0.01,gated_fusion,ucf,42,gaussian_noise_4,0.5225533973809487,0.07688514418245117,254,1010560,2026-04-29T07:15:44,2026-04-29T07:15:54,,sar,gaussian_noise,4,0.005,0.01,
sar_gaussian_noise_4_lr0.005_rho0.05,gated_fusion,ucf,42,gaussian_noise_4,0.5425609508666047,0.08061036253802957,254,1010560,2026-04-29T07:15:55,2026-04-29T07:16:06,,sar,gaussian_noise,4,0.005,0.05,
sar_gaussian_noise_4_lr0.005_rho0.1,gated_fusion,ucf,42,gaussian_noise_4,0.5078713352253327,0.07560974501963275,254,1010560,2026-04-29T07:16:06,2026-04-29T07:16:42,,sar,gaussian_noise,4,0.005,0.1,
sar_gaussian_noise_5_lr0.0001_rho0.001,gated_fusion,ucf,42,gaussian_noise_5,0.5047609319545974,0.07371675263209804,254,1010560,2026-04-29T07:16:42,2026-04-29T07:16:53,,sar,gaussian_noise,5,0.0001,0.001,
sar_gaussian_noise_5_lr0.0001_rho0.005,gated_fusion,ucf,42,gaussian_noise_5,0.5298484303672539,0.09737394470672368,254,1010560,2026-04-29T07:16:53,2026-04-29T07:17:04,,sar,gaussian_noise,5,0.0001,0.005,
sar_gaussian_noise_5_lr0.0001_rho0.01,gated_fusion,ucf,42,gaussian_noise_5,0.5186263516198347,0.07657439338679867,254,1010560,2026-04-29T07:17:05,2026-04-29T07:17:40,,sar,gaussian_noise,5,0.0001,0.01,
sar_gaussian_noise_5_lr0.0001_rho0.05,gated_fusion,ucf,42,gaussian_noise_5,0.5468588121489104,0.0899851104514234,254,1010560,2026-04-29T07:17:40,2026-04-29T07:17:51,,sar,gaussian_noise,5,0.0001,0.05,
sar_gaussian_noise_5_lr0.0001_rho0.1,gated_fusion,ucf,42,gaussian_noise_5,0.5338261088557648,0.08419738026987748,254,1010560,2026-04-29T07:17:52,2026-04-29T07:18:27,,sar,gaussian_noise,5,0.0001,0.1,
sar_gaussian_noise_5_lr0.0005_rho0.001,gated_fusion,ucf,42,gaussian_noise_5,0.5110136987308748,0.07519262270675009,254,1010560,2026-04-29T07:18:28,2026-04-29T07:18:38,,sar,gaussian_noise,5,0.0005,0.001,
sar_gaussian_noise_5_lr0.0005_rho0.005,gated_fusion,ucf,42,gaussian_noise_5,0.5238549442329463,0.08393841165427932,254,1010560,2026-04-29T07:18:39,2026-04-29T07:19:14,,sar,gaussian_noise,5,0.0005,0.005,
sar_gaussian_noise_5_lr0.0005_rho0.01,gated_fusion,ucf,42,gaussian_noise_5,0.5129288928070804,0.08370645675279559,254,1010560,2026-04-29T07:19:15,2026-04-29T07:19:26,,sar,gaussian_noise,5,0.0005,0.01,
sar_gaussian_noise_5_lr0.0005_rho0.05,gated_fusion,ucf,42,gaussian_noise_5,0.5507567373943204,0.08828158719294166,254,1010560,2026-04-29T07:19:27,2026-04-29T07:20:02,,sar,gaussian_noise,5,0.0005,0.05,
sar_gaussian_noise_5_lr0.0005_rho0.1,gated_fusion,ucf,42,gaussian_noise_5,0.5307188042722263,0.09372963437819497,254,1010560,2026-04-29T07:20:03,2026-04-29T07:20:13,,sar,gaussian_noise,5,0.0005,0.1,
sar_gaussian_noise_5_lr0.001_rho0.001,gated_fusion,ucf,42,gaussian_noise_5,0.5000604020755048,0.0731712494451679,254,1010560,2026-04-29T07:20:14,2026-04-29T07:20:49,,sar,gaussian_noise,5,0.001,0.001,
sar_gaussian_noise_5_lr0.001_rho0.005,gated_fusion,ucf,42,gaussian_noise_5,0.5007690638005072,0.07633416637084037,254,1010560,2026-04-29T07:20:50,2026-04-29T07:21:01,,sar,gaussian_noise,5,0.001,0.005,
sar_gaussian_noise_5_lr0.001_rho0.01,gated_fusion,ucf,42,gaussian_noise_5,0.5145641245135117,0.08623980301303864,254,1010560,2026-04-29T07:21:01,2026-04-29T07:21:37,,sar,gaussian_noise,5,0.001,0.01,
sar_gaussian_noise_5_lr0.001_rho0.05,gated_fusion,ucf,42,gaussian_noise_5,0.5129686131547809,0.08423402561399843,254,1010560,2026-04-29T07:21:37,2026-04-29T07:21:48,,sar,gaussian_noise,5,0.001,0.05,
sar_gaussian_noise_5_lr0.001_rho0.1,gated_fusion,ucf,42,gaussian_noise_5,0.5267020394613492,0.08535180173201687,254,1010560,2026-04-29T07:21:49,2026-04-29T07:22:24,,sar,gaussian_noise,5,0.001,0.1,
sar_gaussian_noise_5_lr0.005_rho0.001,gated_fusion,ucf,42,gaussian_noise_5,0.5216061099519782,0.08521010691137385,254,1010560,2026-04-29T07:22:25,2026-04-29T07:22:36,,sar,gaussian_noise,5,0.005,0.001,
sar_gaussian_noise_5_lr0.005_rho0.005,gated_fusion,ucf,42,gaussian_noise_5,0.4902448147678026,0.07180968448031055,254,1010560,2026-04-29T07:22:36,2026-04-29T07:23:12,,sar,gaussian_noise,5,0.005,0.005,
sar_gaussian_noise_5_lr0.005_rho0.01,gated_fusion,ucf,42,gaussian_noise_5,0.4962909250048526,0.07466932203322707,254,1010560,2026-04-29T07:23:12,2026-04-29T07:23:23,,sar,gaussian_noise,5,0.005,0.01,
sar_gaussian_noise_5_lr0.005_rho0.05,gated_fusion,ucf,42,gaussian_noise_5,0.5081718275140286,0.08084347106275441,254,1010560,2026-04-29T07:23:24,2026-04-29T07:23:59,,sar,gaussian_noise,5,0.005,0.05,
sar_gaussian_noise_5_lr0.005_rho0.1,gated_fusion,ucf,42,gaussian_noise_5,0.5470568602314867,0.09995984616049639,254,1010560,2026-04-29T07:24:00,2026-04-29T07:24:11,,sar,gaussian_noise,5,0.005,0.1,
sar_jpeg_compression_1_lr0.0001_rho0.001,gated_fusion,ucf,42,jpeg_compression_1,0.5623085807550222,0.09397425527574356,254,1010560,2026-04-29T07:24:11,2026-04-29T07:24:46,,sar,jpeg_compression,1,0.0001,0.001,
sar_jpeg_compression_1_lr0.0001_rho0.005,gated_fusion,ucf,42,jpeg_compression_1,0.5823827604803797,0.09730648187606175,254,1010560,2026-04-29T07:24:47,2026-04-29T07:24:58,,sar,jpeg_compression,1,0.0001,0.005,
sar_jpeg_compression_1_lr0.0001_rho0.01,gated_fusion,ucf,42,jpeg_compression_1,0.5627497284386438,0.09472209315669919,254,1010560,2026-04-29T07:24:59,2026-04-29T07:25:34,,sar,jpeg_compression,1,0.0001,0.01,
sar_jpeg_compression_1_lr0.0001_rho0.05,gated_fusion,ucf,42,jpeg_compression_1,0.5602601520592818,0.09211380199845465,254,1010560,2026-04-29T07:25:35,2026-04-29T07:25:45,,sar,jpeg_compression,1,0.0001,0.05,
sar_jpeg_compression_1_lr0.0001_rho0.1,gated_fusion,ucf,42,jpeg_compression_1,0.5489004451646596,0.08832052337684147,254,1010560,2026-04-29T07:25:46,2026-04-29T07:26:21,,sar,jpeg_compression,1,0.0001,0.1,
sar_jpeg_compression_1_lr0.0005_rho0.001,gated_fusion,ucf,42,jpeg_compression_1,0.5615168349214307,0.09712857917259857,254,1010560,2026-04-29T07:26:22,2026-04-29T07:26:58,,sar,jpeg_compression,1,0.0005,0.001,
sar_jpeg_compression_1_lr0.0005_rho0.005,gated_fusion,ucf,42,jpeg_compression_1,0.5772454050058599,0.09816139255184829,254,1010560,2026-04-29T07:26:58,2026-04-29T07:27:09,,sar,jpeg_compression,1,0.0005,0.005,
sar_jpeg_compression_1_lr0.0005_rho0.01,gated_fusion,ucf,42,jpeg_compression_1,0.5748769989048133,0.10466032251697811,254,1010560,2026-04-29T07:27:10,2026-04-29T07:27:45,,sar,jpeg_compression,1,0.0005,0.01,
sar_jpeg_compression_1_lr0.0005_rho0.05,gated_fusion,ucf,42,jpeg_compression_1,0.5621739887854763,0.09836862034132364,254,1010560,2026-04-29T07:27:46,2026-04-29T07:27:57,,sar,jpeg_compression,1,0.0005,0.05,
sar_jpeg_compression_1_lr0.0005_rho0.1,gated_fusion,ucf,42,jpeg_compression_1,0.5700718191258329,0.09463625518516784,254,1010560,2026-04-29T07:27:58,2026-04-29T07:28:33,,sar,jpeg_compression,1,0.0005,0.1,
sar_jpeg_compression_1_lr0.001_rho0.001,gated_fusion,ucf,42,jpeg_compression_1,0.5513369509445649,0.09131295937252251,254,1010560,2026-04-29T07:28:33,2026-04-29T07:28:44,,sar,jpeg_compression,1,0.001,0.001,
sar_jpeg_compression_1_lr0.001_rho0.005,gated_fusion,ucf,42,jpeg_compression_1,0.5672782231337326,0.09887935359306727,254,1010560,2026-04-29T07:28:45,2026-04-29T07:29:20,,sar,jpeg_compression,1,0.001,0.005,
sar_jpeg_compression_1_lr0.001_rho0.01,gated_fusion,ucf,42,jpeg_compression_1,0.5653411060688567,0.09502109308763138,254,1010560,2026-04-29T07:29:21,2026-04-29T07:29:33,,sar,jpeg_compression,1,0.001,0.01,
sar_jpeg_compression_1_lr0.001_rho0.05,gated_fusion,ucf,42,jpeg_compression_1,0.5634589616794404,0.10427472100641985,254,1010560,2026-04-29T07:29:33,2026-04-29T07:30:09,,sar,jpeg_compression,1,0.001,0.05,
sar_jpeg_compression_1_lr0.001_rho0.1,gated_fusion,ucf,42,jpeg_compression_1,0.561956723484318,0.08846785622867419,254,1010560,2026-04-29T07:30:10,2026-04-29T07:30:21,,sar,jpeg_compression,1,0.001,0.1,
sar_jpeg_compression_1_lr0.005_rho0.001,gated_fusion,ucf,42,jpeg_compression_1,0.5574885460303586,0.09342293948702562,254,1010560,2026-04-29T07:30:22,2026-04-29T07:30:57,,sar,jpeg_compression,1,0.005,0.001,
sar_jpeg_compression_1_lr0.005_rho0.005,gated_fusion,ucf,42,jpeg_compression_1,0.5680842211424432,0.09497326177017956,254,1010560,2026-04-29T07:30:57,2026-04-29T07:31:34,,sar,jpeg_compression,1,0.005,0.005,
sar_jpeg_compression_1_lr0.005_rho0.01,gated_fusion,ucf,42,jpeg_compression_1,0.5728609501507909,0.09837954742708233,254,1010560,2026-04-29T07:31:34,2026-04-29T07:31:46,,sar,jpeg_compression,1,0.005,0.01,
sar_jpeg_compression_1_lr0.005_rho0.05,gated_fusion,ucf,42,jpeg_compression_1,0.5675901725281162,0.10118375163298357,254,1010560,2026-04-29T07:31:47,2026-04-29T07:32:22,,sar,jpeg_compression,1,0.005,0.05,
sar_jpeg_compression_1_lr0.005_rho0.1,gated_fusion,ucf,42,jpeg_compression_1,0.5732772547572311,0.09773020739474957,254,1010560,2026-04-29T07:32:23,2026-04-29T07:32:34,,sar,jpeg_compression,1,0.005,0.1,
sar_jpeg_compression_2_lr0.0001_rho0.001,gated_fusion,ucf,42,jpeg_compression_2,0.48727738867490694,0.07774740107803405,254,1010560,2026-04-29T07:32:34,2026-04-29T07:33:09,,sar,jpeg_compression,2,0.0001,0.001,
sar_jpeg_compression_2_lr0.0001_rho0.005,gated_fusion,ucf,42,jpeg_compression_2,0.48046796551502924,0.07238637682632967,254,1010560,2026-04-29T07:33:10,2026-04-29T07:33:21,,sar,jpeg_compression,2,0.0001,0.005,
sar_jpeg_compression_2_lr0.0001_rho0.01,gated_fusion,ucf,42,jpeg_compression_2,0.4914340944859669,0.07692449647336433,254,1010560,2026-04-29T07:33:22,2026-04-29T07:33:57,,sar,jpeg_compression,2,0.0001,0.01,
sar_jpeg_compression_2_lr0.0001_rho0.05,gated_fusion,ucf,42,jpeg_compression_2,0.4939609890607066,0.08238983858934411,254,1010560,2026-04-29T07:33:57,2026-04-29T07:34:08,,sar,jpeg_compression,2,0.0001,0.05,
sar_jpeg_compression_2_lr0.0001_rho0.1,gated_fusion,ucf,42,jpeg_compression_2,0.485271841523604,0.07728449617927932,254,1010560,2026-04-29T07:34:09,2026-04-29T07:34:44,,sar,jpeg_compression,2,0.0001,0.1,
sar_jpeg_compression_2_lr0.0005_rho0.001,gated_fusion,ucf,42,jpeg_compression_2,0.48083908465398656,0.07604864387422461,254,1010560,2026-04-29T07:34:45,2026-04-29T07:34:56,,sar,jpeg_compression,2,0.0005,0.001,
sar_jpeg_compression_2_lr0.0005_rho0.005,gated_fusion,ucf,42,jpeg_compression_2,0.4722236805142108,0.07096690666810278,254,1010560,2026-04-29T07:34:56,2026-04-29T07:35:32,,sar,jpeg_compression,2,0.0005,0.005,
sar_jpeg_compression_2_lr0.0005_rho0.01,gated_fusion,ucf,42,jpeg_compression_2,0.47434179841711266,0.07208727356214566,254,1010560,2026-04-29T07:35:32,2026-04-29T07:36:08,,sar,jpeg_compression,2,0.0005,0.01,
sar_jpeg_compression_2_lr0.0005_rho0.05,gated_fusion,ucf,42,jpeg_compression_2,0.48054557557390165,0.07454587823708711,254,1010560,2026-04-29T07:36:09,2026-04-29T07:36:19,,sar,jpeg_compression,2,0.0005,0.05,
sar_jpeg_compression_2_lr0.0005_rho0.1,gated_fusion,ucf,42,jpeg_compression_2,0.4745293181071669,0.07290604547327777,254,1010560,2026-04-29T07:36:20,2026-04-29T07:36:30,,sar,jpeg_compression,2,0.0005,0.1,
sar_jpeg_compression_2_lr0.001_rho0.001,gated_fusion,ucf,42,jpeg_compression_2,0.48331356051447233,0.07758131888911765,254,1010560,2026-04-29T07:36:31,2026-04-29T07:37:07,,sar,jpeg_compression,2,0.001,0.001,
sar_jpeg_compression_2_lr0.001_rho0.005,gated_fusion,ucf,42,jpeg_compression_2,0.4897351298385423,0.07838567511793429,254,1010560,2026-04-29T07:37:07,2026-04-29T07:37:17,,sar,jpeg_compression,2,0.001,0.005,
sar_jpeg_compression_2_lr0.001_rho0.01,gated_fusion,ucf,42,jpeg_compression_2,0.4866784937021379,0.07363209907027413,254,1010560,2026-04-29T07:37:18,2026-04-29T07:37:29,,sar,jpeg_compression,2,0.001,0.01,
sar_jpeg_compression_2_lr0.001_rho0.05,gated_fusion,ucf,42,jpeg_compression_2,0.4827937043900612,0.0761084582309566,254,1010560,2026-04-29T07:37:29,2026-04-29T07:38:04,,sar,jpeg_compression,2,0.001,0.05,
sar_jpeg_compression_2_lr0.001_rho0.1,gated_fusion,ucf,42,jpeg_compression_2,0.4801068300426028,0.07628849420031071,254,1010560,2026-04-29T07:38:05,2026-04-29T07:38:15,,sar,jpeg_compression,2,0.001,0.1,
sar_jpeg_compression_2_lr0.005_rho0.001,gated_fusion,ucf,42,jpeg_compression_2,0.48635733754550614,0.08080432608687153,254,1010560,2026-04-29T07:38:16,2026-04-29T07:38:27,,sar,jpeg_compression,2,0.005,0.001,
sar_jpeg_compression_2_lr0.005_rho0.005,gated_fusion,ucf,42,jpeg_compression_2,0.48972274401968885,0.07703643426852252,254,1010560,2026-04-29T07:38:27,2026-04-29T07:39:02,,sar,jpeg_compression,2,0.005,0.005,
sar_jpeg_compression_2_lr0.005_rho0.01,gated_fusion,ucf,42,jpeg_compression_2,0.4736289306930619,0.07268193109471885,254,1010560,2026-04-29T07:39:03,2026-04-29T07:39:13,,sar,jpeg_compression,2,0.005,0.01,
sar_jpeg_compression_2_lr0.005_rho0.05,gated_fusion,ucf,42,jpeg_compression_2,0.49361730267987336,0.077908326391159,254,1010560,2026-04-29T07:39:14,2026-04-29T07:39:50,,sar,jpeg_compression,2,0.005,0.05,
sar_jpeg_compression_2_lr0.005_rho0.1,gated_fusion,ucf,42,jpeg_compression_2,0.46304569944440377,0.07391270261349862,254,1010560,2026-04-29T07:39:50,2026-04-29T07:40:01,,sar,jpeg_compression,2,0.005,0.1,
sar_jpeg_compression_3_lr0.0001_rho0.001,gated_fusion,ucf,42,jpeg_compression_3,0.4444927652792945,0.06628154032723313,254,1010560,2026-04-29T07:40:01,2026-04-29T07:40:12,,sar,jpeg_compression,3,0.0001,0.001,
sar_jpeg_compression_3_lr0.0001_rho0.005,gated_fusion,ucf,42,jpeg_compression_3,0.4229120475954563,0.06341466910595989,254,1010560,2026-04-29T07:40:13,2026-04-29T07:40:48,,sar,jpeg_compression,3,0.0001,0.005,
sar_jpeg_compression_3_lr0.0001_rho0.01,gated_fusion,ucf,42,jpeg_compression_3,0.44435751695957854,0.06845479968861704,254,1010560,2026-04-29T07:40:48,2026-04-29T07:40:59,,sar,jpeg_compression,3,0.0001,0.01,
sar_jpeg_compression_3_lr0.0001_rho0.05,gated_fusion,ucf,42,jpeg_compression_3,0.43732391672940596,0.0674146299806819,254,1010560,2026-04-29T07:40:59,2026-04-29T07:41:10,,sar,jpeg_compression,3,0.0001,0.05,
sar_jpeg_compression_3_lr0.0001_rho0.1,gated_fusion,ucf,42,jpeg_compression_3,0.44944046234449897,0.07054389093056479,254,1010560,2026-04-29T07:41:11,2026-04-29T07:41:46,,sar,jpeg_compression,3,0.0001,0.1,
sar_jpeg_compression_3_lr0.0005_rho0.001,gated_fusion,ucf,42,jpeg_compression_3,0.4526495235292169,0.0704430300085471,254,1010560,2026-04-29T07:41:47,2026-04-29T07:41:57,,sar,jpeg_compression,3,0.0005,0.001,
sar_jpeg_compression_3_lr0.0005_rho0.005,gated_fusion,ucf,42,jpeg_compression_3,0.45043240837482973,0.06950093582189601,254,1010560,2026-04-29T07:41:58,2026-04-29T07:42:33,,sar,jpeg_compression,3,0.0005,0.005,
sar_jpeg_compression_3_lr0.0005_rho0.01,gated_fusion,ucf,42,jpeg_compression_3,0.442256821358467,0.07015905090095628,254,1010560,2026-04-29T07:42:34,2026-04-29T07:42:45,,sar,jpeg_compression,3,0.0005,0.01,
sar_jpeg_compression_3_lr0.0005_rho0.05,gated_fusion,ucf,42,jpeg_compression_3,0.44248747263111865,0.06901258338156156,254,1010560,2026-04-29T07:42:45,2026-04-29T07:43:20,,sar,jpeg_compression,3,0.0005,0.05,
sar_jpeg_compression_3_lr0.0005_rho0.1,gated_fusion,ucf,42,jpeg_compression_3,0.4549577686629842,0.07158191501804356,254,1010560,2026-04-29T07:43:21,2026-04-29T07:43:57,,sar,jpeg_compression,3,0.0005,0.1,
sar_jpeg_compression_3_lr0.001_rho0.001,gated_fusion,ucf,42,jpeg_compression_3,0.4402101429298465,0.06822656896369138,254,1010560,2026-04-29T07:43:57,2026-04-29T07:44:08,,sar,jpeg_compression,3,0.001,0.001,
sar_jpeg_compression_3_lr0.001_rho0.005,gated_fusion,ucf,42,jpeg_compression_3,0.4464014092487021,0.06924692256462918,254,1010560,2026-04-29T07:44:09,2026-04-29T07:44:45,,sar,jpeg_compression,3,0.001,0.005,
sar_jpeg_compression_3_lr0.001_rho0.01,gated_fusion,ucf,42,jpeg_compression_3,0.45424977221808616,0.07190622703376878,254,1010560,2026-04-29T07:44:45,2026-04-29T07:45:22,,sar,jpeg_compression,3,0.001,0.01,
sar_jpeg_compression_3_lr0.001_rho0.05,gated_fusion,ucf,42,jpeg_compression_3,0.4447203669793877,0.06690593363165073,254,1010560,2026-04-29T07:45:22,2026-04-29T07:45:58,,sar,jpeg_compression,3,0.001,0.05,
sar_jpeg_compression_3_lr0.001_rho0.1,gated_fusion,ucf,42,jpeg_compression_3,0.4411037257340261,0.06600519271572355,254,1010560,2026-04-29T07:45:59,2026-04-29T07:46:10,,sar,jpeg_compression,3,0.001,0.1,
sar_jpeg_compression_3_lr0.005_rho0.001,gated_fusion,ucf,42,jpeg_compression_3,0.4426524531670371,0.06683053476718526,254,1010560,2026-04-29T07:46:11,2026-04-29T07:46:46,,sar,jpeg_compression,3,0.005,0.001,
sar_jpeg_compression_3_lr0.005_rho0.005,gated_fusion,ucf,42,jpeg_compression_3,0.4564701155437175,0.07353241885729192,254,1010560,2026-04-29T07:46:46,2026-04-29T07:46:57,,sar,jpeg_compression,3,0.005,0.005,
sar_jpeg_compression_3_lr0.005_rho0.01,gated_fusion,ucf,42,jpeg_compression_3,0.4412744214278872,0.068639366163197,254,1010560,2026-04-29T07:46:58,2026-04-29T07:47:33,,sar,jpeg_compression,3,0.005,0.01,
sar_jpeg_compression_3_lr0.005_rho0.05,gated_fusion,ucf,42,jpeg_compression_3,0.4506319298965632,0.0727856422665369,254,1010560,2026-04-29T07:47:34,2026-04-29T07:47:45,,sar,jpeg_compression,3,0.005,0.05,
sar_jpeg_compression_3_lr0.005_rho0.1,gated_fusion,ucf,42,jpeg_compression_3,0.4471308598607202,0.07018883772388951,254,1010560,2026-04-29T07:47:45,2026-04-29T07:48:20,,sar,jpeg_compression,3,0.005,0.1,
sar_jpeg_compression_4_lr0.0001_rho0.001,gated_fusion,ucf,42,jpeg_compression_4,0.40191269095841814,0.0619085791886057,254,1010560,2026-04-29T07:48:21,2026-04-29T07:48:32,,sar,jpeg_compression,4,0.0001,0.001,
sar_jpeg_compression_4_lr0.0001_rho0.005,gated_fusion,ucf,42,jpeg_compression_4,0.38431387115704063,0.05719533729566182,254,1010560,2026-04-29T07:48:32,2026-04-29T07:49:08,,sar,jpeg_compression,4,0.0001,0.005,
sar_jpeg_compression_4_lr0.0001_rho0.01,gated_fusion,ucf,42,jpeg_compression_4,0.39005848002282056,0.058552075748900596,254,1010560,2026-04-29T07:49:08,2026-04-29T07:49:19,,sar,jpeg_compression,4,0.0001,0.01,
sar_jpeg_compression_4_lr0.0001_rho0.05,gated_fusion,ucf,42,jpeg_compression_4,0.39912714976704283,0.059908444671772636,254,1010560,2026-04-29T07:49:20,2026-04-29T07:49:55,,sar,jpeg_compression,4,0.0001,0.05,
sar_jpeg_compression_4_lr0.0001_rho0.1,gated_fusion,ucf,42,jpeg_compression_4,0.4094906778424831,0.06224056606866159,254,1010560,2026-04-29T07:49:56,2026-04-29T07:50:06,,sar,jpeg_compression,4,0.0001,0.1,
sar_jpeg_compression_4_lr0.0005_rho0.001,gated_fusion,ucf,42,jpeg_compression_4,0.41513040463008377,0.06381684616880065,254,1010560,2026-04-29T07:50:07,2026-04-29T07:50:42,,sar,jpeg_compression,4,0.0005,0.001,
sar_jpeg_compression_4_lr0.0005_rho0.005,gated_fusion,ucf,42,jpeg_compression_4,0.3951002137610149,0.05857743334548168,254,1010560,2026-04-29T07:50:43,2026-04-29T07:50:54,,sar,jpeg_compression,4,0.0005,0.005,
sar_jpeg_compression_4_lr0.0005_rho0.01,gated_fusion,ucf,42,jpeg_compression_4,0.388180711301204,0.057886442291263454,254,1010560,2026-04-29T07:50:54,2026-04-29T07:51:29,,sar,jpeg_compression,4,0.0005,0.01,
sar_jpeg_compression_4_lr0.0005_rho0.05,gated_fusion,ucf,42,jpeg_compression_4,0.39261351282049284,0.058708869666742415,254,1010560,2026-04-29T07:51:30,2026-04-29T07:51:41,,sar,jpeg_compression,4,0.0005,0.05,
sar_jpeg_compression_4_lr0.0005_rho0.1,gated_fusion,ucf,42,jpeg_compression_4,0.39223656243444727,0.058599373168523955,254,1010560,2026-04-29T07:51:42,2026-04-29T07:52:17,,sar,jpeg_compression,4,0.0005,0.1,
sar_jpeg_compression_4_lr0.001_rho0.001,gated_fusion,ucf,42,jpeg_compression_4,0.3785374092156654,0.05743168540945413,254,1010560,2026-04-29T07:52:18,2026-04-29T07:52:28,,sar,jpeg_compression,4,0.001,0.001,
sar_jpeg_compression_4_lr0.001_rho0.005,gated_fusion,ucf,42,jpeg_compression_4,0.399741234558031,0.059951929050885255,254,1010560,2026-04-29T07:52:29,2026-04-29T07:53:04,,sar,jpeg_compression,4,0.001,0.005,
sar_jpeg_compression_4_lr0.001_rho0.01,gated_fusion,ucf,42,jpeg_compression_4,0.4010593821578647,0.060510646049751864,254,1010560,2026-04-29T07:53:05,2026-04-29T07:53:15,,sar,jpeg_compression,4,0.001,0.01,
sar_jpeg_compression_4_lr0.001_rho0.05,gated_fusion,ucf,42,jpeg_compression_4,0.3878945158372986,0.059115714958865764,254,1010560,2026-04-29T07:53:16,2026-04-29T07:53:52,,sar,jpeg_compression,4,0.001,0.05,
sar_jpeg_compression_4_lr0.001_rho0.1,gated_fusion,ucf,42,jpeg_compression_4,0.4055079628710353,0.06096386915929032,254,1010560,2026-04-29T07:53:52,2026-04-29T07:54:28,,sar,jpeg_compression,4,0.001,0.1,
sar_jpeg_compression_4_lr0.005_rho0.001,gated_fusion,ucf,42,jpeg_compression_4,0.38864804155214966,0.05874247249632121,254,1010560,2026-04-29T07:54:29,2026-04-29T07:55:05,,sar,jpeg_compression,4,0.005,0.001,
sar_jpeg_compression_4_lr0.005_rho0.005,gated_fusion,ucf,42,jpeg_compression_4,0.40585698935257114,0.06066870862817754,254,1010560,2026-04-29T07:55:05,2026-04-29T07:55:16,,sar,jpeg_compression,4,0.005,0.005,
sar_jpeg_compression_4_lr0.005_rho0.01,gated_fusion,ucf,42,jpeg_compression_4,0.3884382863257254,0.05904732685080938,254,1010560,2026-04-29T07:55:17,2026-04-29T07:55:52,,sar,jpeg_compression,4,0.005,0.01,
sar_jpeg_compression_4_lr0.005_rho0.05,gated_fusion,ucf,42,jpeg_compression_4,0.39037757336463247,0.0582918467952033,254,1010560,2026-04-29T07:55:53,2026-04-29T07:56:04,,sar,jpeg_compression,4,0.005,0.05,
sar_jpeg_compression_4_lr0.005_rho0.1,gated_fusion,ucf,42,jpeg_compression_4,0.3979223319632223,0.05944206628769659,254,1010560,2026-04-29T07:56:04,2026-04-29T07:56:39,,sar,jpeg_compression,4,0.005,0.1,
sar_jpeg_compression_5_lr0.0001_rho0.001,gated_fusion,ucf,42,jpeg_compression_5,0.4435114324758617,0.0633937766669328,254,1010560,2026-04-29T07:56:40,2026-04-29T07:56:51,,sar,jpeg_compression,5,0.0001,0.001,
sar_jpeg_compression_5_lr0.0001_rho0.005,gated_fusion,ucf,42,jpeg_compression_5,0.4412574188330082,0.06372265729001565,254,1010560,2026-04-29T07:56:51,2026-04-29T07:57:27,,sar,jpeg_compression,5,0.0001,0.005,
sar_jpeg_compression_5_lr0.0001_rho0.01,gated_fusion,ucf,42,jpeg_compression_5,0.43514296780887374,0.06256385921668788,254,1010560,2026-04-29T07:57:27,2026-04-29T07:58:03,,sar,jpeg_compression,5,0.0001,0.01,
sar_jpeg_compression_5_lr0.0001_rho0.05,gated_fusion,ucf,42,jpeg_compression_5,0.44749641565061793,0.06438760760339818,254,1010560,2026-04-29T07:58:04,2026-04-29T07:58:40,,sar,jpeg_compression,5,0.0001,0.05,
sar_jpeg_compression_5_lr0.0001_rho0.1,gated_fusion,ucf,42,jpeg_compression_5,0.44407369685819303,0.06418342710159067,254,1010560,2026-04-29T07:58:40,2026-04-29T07:59:16,,sar,jpeg_compression,5,0.0001,0.1,
sar_jpeg_compression_5_lr0.0005_rho0.001,gated_fusion,ucf,42,jpeg_compression_5,0.43880228521018416,0.0627150741665457,254,1010560,2026-04-29T07:59:17,2026-04-29T07:59:28,,sar,jpeg_compression,5,0.0005,0.001,
sar_jpeg_compression_5_lr0.0005_rho0.005,gated_fusion,ucf,42,jpeg_compression_5,0.4547062570638426,0.06528034215228118,254,1010560,2026-04-29T07:59:29,2026-04-29T08:00:04,,sar,jpeg_compression,5,0.0005,0.005,
sar_jpeg_compression_5_lr0.0005_rho0.01,gated_fusion,ucf,42,jpeg_compression_5,0.45606592885810215,0.06490743389854033,254,1010560,2026-04-29T08:00:05,2026-04-29T08:00:15,,sar,jpeg_compression,5,0.0005,0.01,
sar_jpeg_compression_5_lr0.0005_rho0.05,gated_fusion,ucf,42,jpeg_compression_5,0.4474883608498927,0.06449712892307974,254,1010560,2026-04-29T08:00:16,2026-04-29T08:00:51,,sar,jpeg_compression,5,0.0005,0.05,
sar_jpeg_compression_5_lr0.0005_rho0.1,gated_fusion,ucf,42,jpeg_compression_5,0.4292835021283179,0.06234163114318197,254,1010560,2026-04-29T08:00:52,2026-04-29T08:01:02,,sar,jpeg_compression,5,0.0005,0.1,
sar_jpeg_compression_5_lr0.001_rho0.001,gated_fusion,ucf,42,jpeg_compression_5,0.4481316018763219,0.0657334507351131,254,1010560,2026-04-29T08:01:03,2026-04-29T08:01:13,,sar,jpeg_compression,5,0.001,0.001,
sar_jpeg_compression_5_lr0.001_rho0.005,gated_fusion,ucf,42,jpeg_compression_5,0.44099571817884703,0.06326938948857355,254,1010560,2026-04-29T08:01:14,2026-04-29T08:01:49,,sar,jpeg_compression,5,0.001,0.005,
sar_jpeg_compression_5_lr0.001_rho0.01,gated_fusion,ucf,42,jpeg_compression_5,0.44176629113824845,0.0644205272220422,254,1010560,2026-04-29T08:01:50,2026-04-29T08:02:00,,sar,jpeg_compression,5,0.001,0.01,
sar_jpeg_compression_5_lr0.001_rho0.05,gated_fusion,ucf,42,jpeg_compression_5,0.44571020554522717,0.06358099121391995,254,1010560,2026-04-29T08:02:01,2026-04-29T08:02:36,,sar,jpeg_compression,5,0.001,0.05,
sar_jpeg_compression_5_lr0.001_rho0.1,gated_fusion,ucf,42,jpeg_compression_5,0.4522227262499916,0.06590403215028527,254,1010560,2026-04-29T08:02:37,2026-04-29T08:02:48,,sar,jpeg_compression,5,0.001,0.1,
sar_jpeg_compression_5_lr0.005_rho0.001,gated_fusion,ucf,42,jpeg_compression_5,0.43815902632388637,0.06277704041049748,254,1010560,2026-04-29T08:02:48,2026-04-29T08:03:23,,sar,jpeg_compression,5,0.005,0.001,
sar_jpeg_compression_5_lr0.005_rho0.005,gated_fusion,ucf,42,jpeg_compression_5,0.44562846092678077,0.06363106856174966,254,1010560,2026-04-29T08:03:24,2026-04-29T08:03:35,,sar,jpeg_compression,5,0.005,0.005,
sar_jpeg_compression_5_lr0.005_rho0.01,gated_fusion,ucf,42,jpeg_compression_5,0.4437209912437317,0.06404304679914423,254,1010560,2026-04-29T08:03:35,2026-04-29T08:04:11,,sar,jpeg_compression,5,0.005,0.01,
sar_jpeg_compression_5_lr0.005_rho0.05,gated_fusion,ucf,42,jpeg_compression_5,0.4543510599977157,0.06661687273602204,254,1010560,2026-04-29T08:04:11,2026-04-29T08:04:22,,sar,jpeg_compression,5,0.005,0.05,
sar_jpeg_compression_5_lr0.005_rho0.1,gated_fusion,ucf,42,jpeg_compression_5,0.4489452260489121,0.0639884922551057,254,1010560,2026-04-29T08:04:23,2026-04-29T08:04:58,,sar,jpeg_compression,5,0.005,0.1,
sar_brightness_1_lr0.0001_rho0.001,gated_fusion,ucf,42,brightness_1,0.772693474705648,0.19363882427690965,254,1010560,2026-04-29T08:04:59,2026-04-29T08:05:10,,sar,brightness,1,0.0001,0.001,
sar_brightness_1_lr0.0001_rho0.005,gated_fusion,ucf,42,brightness_1,0.7776011612002878,0.19759845761871375,254,1010560,2026-04-29T08:05:10,2026-04-29T08:05:45,,sar,brightness,1,0.0001,0.005,
sar_brightness_1_lr0.0001_rho0.01,gated_fusion,ucf,42,brightness_1,0.7811378616739284,0.2020382068323099,254,1010560,2026-04-29T08:05:46,2026-04-29T08:05:57,,sar,brightness,1,0.0001,0.01,
sar_brightness_1_lr0.0001_rho0.05,gated_fusion,ucf,42,brightness_1,0.7854127819550554,0.20801461944140887,254,1010560,2026-04-29T08:05:58,2026-04-29T08:06:33,,sar,brightness,1,0.0001,0.05,
sar_brightness_1_lr0.0001_rho0.1,gated_fusion,ucf,42,brightness_1,0.7896461780417565,0.21739140565552198,254,1010560,2026-04-29T08:06:33,2026-04-29T08:06:44,,sar,brightness,1,0.0001,0.1,
sar_brightness_1_lr0.0005_rho0.001,gated_fusion,ucf,42,brightness_1,0.7883372372041708,0.21268184054385517,254,1010560,2026-04-29T08:06:45,2026-04-29T08:07:20,,sar,brightness,1,0.0005,0.001,
sar_brightness_1_lr0.0005_rho0.005,gated_fusion,ucf,42,brightness_1,0.7831720560544182,0.18630088325498897,254,1010560,2026-04-29T08:07:21,2026-04-29T08:07:32,,sar,brightness,1,0.0005,0.005,
sar_brightness_1_lr0.0005_rho0.01,gated_fusion,ucf,42,brightness_1,0.7886383367283981,0.1909256543688237,254,1010560,2026-04-29T08:07:32,2026-04-29T08:08:08,,sar,brightness,1,0.0005,0.01,
sar_brightness_1_lr0.0005_rho0.05,gated_fusion,ucf,42,brightness_1,0.7929548079937541,0.20448938666060518,254,1010560,2026-04-29T08:08:08,2026-04-29T08:08:44,,sar,brightness,1,0.0005,0.05,
sar_brightness_1_lr0.0005_rho0.1,gated_fusion,ucf,42,brightness_1,0.7779515896815061,0.18175001846712585,254,1010560,2026-04-29T08:08:45,2026-04-29T08:09:21,,sar,brightness,1,0.0005,0.1,
sar_brightness_1_lr0.001_rho0.001,gated_fusion,ucf,42,brightness_1,0.7645221026182678,0.1668959738263634,254,1010560,2026-04-29T08:09:21,2026-04-29T08:09:57,,sar,brightness,1,0.001,0.001,
sar_brightness_1_lr0.001_rho0.005,gated_fusion,ucf,42,brightness_1,0.7801469515159748,0.19209218634091016,254,1010560,2026-04-29T08:09:58,2026-04-29T08:10:08,,sar,brightness,1,0.001,0.005,
sar_brightness_1_lr0.001_rho0.01,gated_fusion,ucf,42,brightness_1,0.7789407585022743,0.18033816215172532,254,1010560,2026-04-29T08:10:09,2026-04-29T08:10:21,,sar,brightness,1,0.001,0.01,
sar_brightness_1_lr0.001_rho0.05,gated_fusion,ucf,42,brightness_1,0.7874086847773305,0.20722932335595642,254,1010560,2026-04-29T08:10:22,2026-04-29T08:10:58,,sar,brightness,1,0.001,0.05,
sar_brightness_1_lr0.001_rho0.1,gated_fusion,ucf,42,brightness_1,0.7814976219364749,0.2034414345298946,254,1010560,2026-04-29T08:10:59,2026-04-29T08:11:09,,sar,brightness,1,0.001,0.1,
sar_brightness_1_lr0.005_rho0.001,gated_fusion,ucf,42,brightness_1,0.7750002106805212,0.18623181252432053,254,1010560,2026-04-29T08:11:10,2026-04-29T08:11:46,,sar,brightness,1,0.005,0.001,
sar_brightness_1_lr0.005_rho0.005,gated_fusion,ucf,42,brightness_1,0.7821564635581004,0.19328843960593864,254,1010560,2026-04-29T08:11:46,2026-04-29T08:11:57,,sar,brightness,1,0.005,0.005,
sar_brightness_1_lr0.005_rho0.01,gated_fusion,ucf,42,brightness_1,0.7875818094133169,0.19761548557301684,254,1010560,2026-04-29T08:11:58,2026-04-29T08:12:33,,sar,brightness,1,0.005,0.01,
sar_brightness_1_lr0.005_rho0.05,gated_fusion,ucf,42,brightness_1,0.7885207652135996,0.20722656510611231,254,1010560,2026-04-29T08:12:34,2026-04-29T08:12:44,,sar,brightness,1,0.005,0.05,
sar_brightness_1_lr0.005_rho0.1,gated_fusion,ucf,42,brightness_1,0.7834896134475331,0.20774746280727363,254,1010560,2026-04-29T08:12:45,2026-04-29T08:13:21,,sar,brightness,1,0.005,0.1,
sar_brightness_2_lr0.0001_rho0.001,gated_fusion,ucf,42,brightness_2,0.7842363702721961,0.19941302134847386,254,1010560,2026-04-29T08:13:21,2026-04-29T08:13:32,,sar,brightness,2,0.0001,0.001,
sar_brightness_2_lr0.0001_rho0.005,gated_fusion,ucf,42,brightness_2,0.7829385382728611,0.18543126423008702,254,1010560,2026-04-29T08:13:33,2026-04-29T08:13:44,,sar,brightness,2,0.0001,0.005,
sar_brightness_2_lr0.0001_rho0.01,gated_fusion,ucf,42,brightness_2,0.7858264790206845,0.20184712363002394,254,1010560,2026-04-29T08:13:44,2026-04-29T08:14:19,,sar,brightness,2,0.0001,0.01,
sar_brightness_2_lr0.0001_rho0.05,gated_fusion,ucf,42,brightness_2,0.782248700849332,0.1859629992572603,254,1010560,2026-04-29T08:14:20,2026-04-29T08:14:55,,sar,brightness,2,0.0001,0.05,
sar_brightness_2_lr0.0001_rho0.1,gated_fusion,ucf,42,brightness_2,0.7906252738966508,0.19820863462946398,254,1010560,2026-04-29T08:14:56,2026-04-29T08:15:07,,sar,brightness,2,0.0001,0.1,
sar_brightness_2_lr0.0005_rho0.001,gated_fusion,ucf,42,brightness_2,0.7683264242925009,0.1967710042964483,254,1010560,2026-04-29T08:15:07,2026-04-29T08:15:18,,sar,brightness,2,0.0005,0.001,
sar_brightness_2_lr0.0005_rho0.005,gated_fusion,ucf,42,brightness_2,0.7830697636571817,0.18732335076936016,254,1010560,2026-04-29T08:15:19,2026-04-29T08:15:54,,sar,brightness,2,0.0005,0.005,
sar_brightness_2_lr0.0005_rho0.01,gated_fusion,ucf,42,brightness_2,0.774903981708664,0.1828804993038491,254,1010560,2026-04-29T08:15:55,2026-04-29T08:16:05,,sar,brightness,2,0.0005,0.01,
sar_brightness_2_lr0.0005_rho0.05,gated_fusion,ucf,42,brightness_2,0.777824570296234,0.19407348169693195,254,1010560,2026-04-29T08:16:06,2026-04-29T08:16:16,,sar,brightness,2,0.0005,0.05,
sar_brightness_2_lr0.0005_rho0.1,gated_fusion,ucf,42,brightness_2,0.7878761846970276,0.21882639009035892,254,1010560,2026-04-29T08:16:17,2026-04-29T08:16:52,,sar,brightness,2,0.0005,0.1,
sar_brightness_2_lr0.001_rho0.001,gated_fusion,ucf,42,brightness_2,0.7825078028926161,0.18670662281670164,254,1010560,2026-04-29T08:16:53,2026-04-29T08:17:03,,sar,brightness,2,0.001,0.001,
sar_brightness_2_lr0.001_rho0.005,gated_fusion,ucf,42,brightness_2,0.776991786949635,0.18127729847046975,254,1010560,2026-04-29T08:17:04,2026-04-29T08:17:14,,sar,brightness,2,0.001,0.005,
sar_brightness_2_lr0.001_rho0.01,gated_fusion,ucf,42,brightness_2,0.7765269347554534,0.17010868567215262,254,1010560,2026-04-29T08:17:15,2026-04-29T08:17:50,,sar,brightness,2,0.001,0.01,
sar_brightness_2_lr0.001_rho0.05,gated_fusion,ucf,42,brightness_2,0.7727059498238444,0.21137333762715285,254,1010560,2026-04-29T08:17:51,2026-04-29T08:18:01,,sar,brightness,2,0.001,0.05,
sar_brightness_2_lr0.001_rho0.1,gated_fusion,ucf,42,brightness_2,0.7783338980281229,0.18257958615650766,254,1010560,2026-04-29T08:18:02,2026-04-29T08:18:12,,sar,brightness,2,0.001,0.1,
sar_brightness_2_lr0.005_rho0.001,gated_fusion,ucf,42,brightness_2,0.7756671071028717,0.2050026371597815,254,1010560,2026-04-29T08:18:13,2026-04-29T08:18:48,,sar,brightness,2,0.005,0.001,
sar_brightness_2_lr0.005_rho0.005,gated_fusion,ucf,42,brightness_2,0.8036527263884368,0.2310981670030932,254,1010560,2026-04-29T08:18:49,2026-04-29T08:19:25,,sar,brightness,2,0.005,0.005,
sar_brightness_2_lr0.005_rho0.01,gated_fusion,ucf,42,brightness_2,0.7993636075117962,0.24855704666901832,254,1010560,2026-04-29T08:19:26,2026-04-29T08:19:36,,sar,brightness,2,0.005,0.01,
sar_brightness_2_lr0.005_rho0.05,gated_fusion,ucf,42,brightness_2,0.7828652860219198,0.20508291084067923,254,1010560,2026-04-29T08:19:37,2026-04-29T08:20:12,,sar,brightness,2,0.005,0.05,
sar_brightness_2_lr0.005_rho0.1,gated_fusion,ucf,42,brightness_2,0.7733818029702829,0.20334658069446812,254,1010560,2026-04-29T08:20:13,2026-04-29T08:20:24,,sar,brightness,2,0.005,0.1,
sar_brightness_3_lr0.0001_rho0.001,gated_fusion,ucf,42,brightness_3,0.7864514494015662,0.18985452605661735,254,1010560,2026-04-29T08:20:24,2026-04-29T08:20:59,,sar,brightness,3,0.0001,0.001,
sar_brightness_3_lr0.0001_rho0.005,gated_fusion,ucf,42,brightness_3,0.7913646278057914,0.19087220739024421,254,1010560,2026-04-29T08:21:00,2026-04-29T08:21:11,,sar,brightness,3,0.0001,0.005,
sar_brightness_3_lr0.0001_rho0.01,gated_fusion,ucf,42,brightness_3,0.7937498757628998,0.18966219771617412,254,1010560,2026-04-29T08:21:12,2026-04-29T08:21:47,,sar,brightness,3,0.0001,0.01,
sar_brightness_3_lr0.0001_rho0.05,gated_fusion,ucf,42,brightness_3,0.7793280095675178,0.18129914695422286,254,1010560,2026-04-29T08:21:47,2026-04-29T08:21:58,,sar,brightness,3,0.0001,0.05,
sar_brightness_3_lr0.0001_rho0.1,gated_fusion,ucf,42,brightness_3,0.7858452809973219,0.19980301422168403,254,1010560,2026-04-29T08:21:59,2026-04-29T08:22:34,,sar,brightness,3,0.0001,0.1,
sar_brightness_3_lr0.0005_rho0.001,gated_fusion,ucf,42,brightness_3,0.7783745202991862,0.18402017424008374,254,1010560,2026-04-29T08:22:35,2026-04-29T08:22:46,,sar,brightness,3,0.0005,0.001,
sar_brightness_3_lr0.0005_rho0.005,gated_fusion,ucf,42,brightness_3,0.7924177260261068,0.20331191415741917,254,1010560,2026-04-29T08:22:46,2026-04-29T08:23:21,,sar,brightness,3,0.0005,0.005,
sar_brightness_3_lr0.0005_rho0.01,gated_fusion,ucf,42,brightness_3,0.7697332907894575,0.16551555394319747,254,1010560,2026-04-29T08:23:22,2026-04-29T08:23:33,,sar,brightness,3,0.0005,0.01,
sar_brightness_3_lr0.0005_rho0.05,gated_fusion,ucf,42,brightness_3,0.7852300844295151,0.18335407887875443,254,1010560,2026-04-29T08:23:34,2026-04-29T08:24:09,,sar,brightness,3,0.0005,0.05,
sar_brightness_3_lr0.0005_rho0.1,gated_fusion,ucf,42,brightness_3,0.7823813371632695,0.1812398214960776,254,1010560,2026-04-29T08:24:09,2026-04-29T08:24:45,,sar,brightness,3,0.0005,0.1,
sar_brightness_3_lr0.001_rho0.001,gated_fusion,ucf,42,brightness_3,0.7908200714831475,0.19674333110960643,254,1010560,2026-04-29T08:24:46,2026-04-29T08:24:57,,sar,brightness,3,0.001,0.001,
sar_brightness_3_lr0.001_rho0.005,gated_fusion,ucf,42,brightness_3,0.7756697950130916,0.1885014843407366,254,1010560,2026-04-29T08:24:58,2026-04-29T08:25:33,,sar,brightness,3,0.001,0.005,
sar_brightness_3_lr0.001_rho0.01,gated_fusion,ucf,42,brightness_3,0.7739808586818692,0.1818937624111809,254,1010560,2026-04-29T08:25:34,2026-04-29T08:25:44,,sar,brightness,3,0.001,0.01,
sar_brightness_3_lr0.001_rho0.05,gated_fusion,ucf,42,brightness_3,0.7875848813107111,0.19054573262954352,254,1010560,2026-04-29T08:25:45,2026-04-29T08:26:20,,sar,brightness,3,0.001,0.05,
sar_brightness_3_lr0.001_rho0.1,gated_fusion,ucf,42,brightness_3,0.7918645880366151,0.2097453879046482,254,1010560,2026-04-29T08:26:21,2026-04-29T08:26:57,,sar,brightness,3,0.001,0.1,
sar_brightness_3_lr0.005_rho0.001,gated_fusion,ucf,42,brightness_3,0.7905259015879254,0.2020466067600873,254,1010560,2026-04-29T08:26:57,2026-04-29T08:27:08,,sar,brightness,3,0.005,0.001,
sar_brightness_3_lr0.005_rho0.005,gated_fusion,ucf,42,brightness_3,0.7746275109431953,0.1924488292577724,254,1010560,2026-04-29T08:27:09,2026-04-29T08:27:44,,sar,brightness,3,0.005,0.005,
sar_brightness_3_lr0.005_rho0.01,gated_fusion,ucf,42,brightness_3,0.7853667392138811,0.18136196737860932,254,1010560,2026-04-29T08:27:45,2026-04-29T08:27:56,,sar,brightness,3,0.005,0.01,
sar_brightness_3_lr0.005_rho0.05,gated_fusion,ucf,42,brightness_3,0.7758240506979336,0.18055917815503342,254,1010560,2026-04-29T08:27:56,2026-04-29T08:28:32,,sar,brightness,3,0.005,0.05,
sar_brightness_3_lr0.005_rho0.1,gated_fusion,ucf,42,brightness_3,0.7848324969653366,0.18704664009763927,254,1010560,2026-04-29T08:28:32,2026-04-29T08:28:43,,sar,brightness,3,0.005,0.1,
sar_brightness_4_lr0.0001_rho0.001,gated_fusion,ucf,42,brightness_4,0.7842280475734422,0.1937762163956598,254,1010560,2026-04-29T08:28:44,2026-04-29T08:29:19,,sar,brightness,4,0.0001,0.001,
sar_brightness_4_lr0.0001_rho0.005,gated_fusion,ucf,42,brightness_4,0.785218832712316,0.19502669238704287,254,1010560,2026-04-29T08:29:19,2026-04-29T08:29:30,,sar,brightness,4,0.0001,0.005,
sar_brightness_4_lr0.0001_rho0.01,gated_fusion,ucf,42,brightness_4,0.7950824184168012,0.2259436478294437,254,1010560,2026-04-29T08:29:31,2026-04-29T08:30:06,,sar,brightness,4,0.0001,0.01,
sar_brightness_4_lr0.0001_rho0.05,gated_fusion,ucf,42,brightness_4,0.7879640373905251,0.21487376309288547,254,1010560,2026-04-29T08:30:07,2026-04-29T08:30:18,,sar,brightness,4,0.0001,0.05,
sar_brightness_4_lr0.0001_rho0.1,gated_fusion,ucf,42,brightness_4,0.7790868075775081,0.185764570384261,254,1010560,2026-04-29T08:30:18,2026-04-29T08:30:53,,sar,brightness,4,0.0001,0.1,
sar_brightness_4_lr0.0005_rho0.001,gated_fusion,ucf,42,brightness_4,0.7837078253217256,0.18861426703290934,254,1010560,2026-04-29T08:30:54,2026-04-29T08:31:05,,sar,brightness,4,0.0005,0.001,
sar_brightness_4_lr0.0005_rho0.005,gated_fusion,ucf,42,brightness_4,0.7765968025613005,0.19528474665611917,254,1010560,2026-04-29T08:31:06,2026-04-29T08:31:41,,sar,brightness,4,0.0005,0.005,
sar_brightness_4_lr0.0005_rho0.01,gated_fusion,ucf,42,brightness_4,0.7723637815318396,0.18872376361422472,254,1010560,2026-04-29T08:31:42,2026-04-29T08:31:52,,sar,brightness,4,0.0005,0.01,
sar_brightness_4_lr0.0005_rho0.05,gated_fusion,ucf,42,brightness_4,0.7755202900532893,0.195624163427023,254,1010560,2026-04-29T08:31:53,2026-04-29T08:32:28,,sar,brightness,4,0.0005,0.05,
sar_brightness_4_lr0.0005_rho0.1,gated_fusion,ucf,42,brightness_4,0.7851918821706433,0.20625373836761837,254,1010560,2026-04-29T08:32:29,2026-04-29T08:32:40,,sar,brightness,4,0.0005,0.1,
sar_brightness_4_lr0.001_rho0.001,gated_fusion,ucf,42,brightness_4,0.7831190658243701,0.18970998935287747,254,1010560,2026-04-29T08:32:40,2026-04-29T08:33:15,,sar,brightness,4,0.001,0.001,
sar_brightness_4_lr0.001_rho0.005,gated_fusion,ucf,42,brightness_4,0.7782163890228643,0.18699541111440143,254,1010560,2026-04-29T08:33:16,2026-04-29T08:33:27,,sar,brightness,4,0.001,0.005,
sar_brightness_4_lr0.001_rho0.01,gated_fusion,ucf,42,brightness_4,0.7794283239843103,0.17975050729369085,254,1010560,2026-04-29T08:33:27,2026-04-29T08:34:03,,sar,brightness,4,0.001,0.01,
sar_brightness_4_lr0.001_rho0.05,gated_fusion,ucf,42,brightness_4,0.777029493597154,0.1968236461374763,254,1010560,2026-04-29T08:34:03,2026-04-29T08:34:14,,sar,brightness,4,0.001,0.05,
sar_brightness_4_lr0.001_rho0.1,gated_fusion,ucf,42,brightness_4,0.7876066167707613,0.20341760054485944,254,1010560,2026-04-29T08:34:15,2026-04-29T08:34:50,,sar,brightness,4,0.001,0.1,
sar_brightness_4_lr0.005_rho0.001,gated_fusion,ucf,42,brightness_4,0.7939090697014014,0.21542942074110263,254,1010560,2026-04-29T08:34:51,2026-04-29T08:35:27,,sar,brightness,4,0.005,0.001,
sar_brightness_4_lr0.005_rho0.005,gated_fusion,ucf,42,brightness_4,0.7957960183954632,0.21819136148014112,254,1010560,2026-04-29T08:35:27,2026-04-29T08:35:38,,sar,brightness,4,0.005,0.005,
sar_brightness_4_lr0.005_rho0.01,gated_fusion,ucf,42,brightness_4,0.7749113935541209,0.19873967865698455,254,1010560,2026-04-29T08:35:39,2026-04-29T08:36:14,,sar,brightness,4,0.005,0.01,
sar_brightness_4_lr0.005_rho0.05,gated_fusion,ucf,42,brightness_4,0.7766084739854113,0.1771914175166605,254,1010560,2026-04-29T08:36:14,2026-04-29T08:36:25,,sar,brightness,4,0.005,0.05,
sar_brightness_4_lr0.005_rho0.1,gated_fusion,ucf,42,brightness_4,0.7721046794885554,0.1840988202411698,254,1010560,2026-04-29T08:36:26,2026-04-29T08:37:01,,sar,brightness,4,0.005,0.1,
sar_brightness_5_lr0.0001_rho0.001,gated_fusion,ucf,42,brightness_5,0.7751465544435864,0.19833646784389186,254,1010560,2026-04-29T08:37:02,2026-04-29T08:37:13,,sar,brightness,5,0.0001,0.001,
sar_brightness_5_lr0.0001_rho0.005,gated_fusion,ucf,42,brightness_5,0.775874888813819,0.1897829931552037,254,1010560,2026-04-29T08:37:13,2026-04-29T08:37:49,,sar,brightness,5,0.0001,0.005,
sar_brightness_5_lr0.0001_rho0.01,gated_fusion,ucf,42,brightness_5,0.7686267111927081,0.17782354479812798,254,1010560,2026-04-29T08:37:49,2026-04-29T08:38:01,,sar,brightness,5,0.0001,0.01,
sar_brightness_5_lr0.0001_rho0.05,gated_fusion,ucf,42,brightness_5,0.7734189247071064,0.18845331533412502,254,1010560,2026-04-29T08:38:02,2026-04-29T08:38:37,,sar,brightness,5,0.0001,0.05,
sar_brightness_5_lr0.0001_rho0.1,gated_fusion,ucf,42,brightness_5,0.7712147579574327,0.20165968361043113,254,1010560,2026-04-29T08:38:37,2026-04-29T08:38:48,,sar,brightness,5,0.0001,0.1,
sar_brightness_5_lr0.0005_rho0.001,gated_fusion,ucf,42,brightness_5,0.7568155336104307,0.16613791088591043,254,1010560,2026-04-29T08:38:49,2026-04-29T08:39:24,,sar,brightness,5,0.0005,0.001,
sar_brightness_5_lr0.0005_rho0.005,gated_fusion,ucf,42,brightness_5,0.7751038693577034,0.19589641124543122,254,1010560,2026-04-29T08:39:25,2026-04-29T08:39:36,,sar,brightness,5,0.0005,0.005,
sar_brightness_5_lr0.0005_rho0.01,gated_fusion,ucf,42,brightness_5,0.7654971800027339,0.17477943925789513,254,1010560,2026-04-29T08:39:36,2026-04-29T08:40:11,,sar,brightness,5,0.0005,0.01,
sar_brightness_5_lr0.0005_rho0.05,gated_fusion,ucf,42,brightness_5,0.7710908461892917,0.17711589575305803,254,1010560,2026-04-29T08:40:12,2026-04-29T08:40:23,,sar,brightness,5,0.0005,0.05,
sar_brightness_5_lr0.0005_rho0.1,gated_fusion,ucf,42,brightness_5,0.7673731091578878,0.1668511979381581,254,1010560,2026-04-29T08:40:23,2026-04-29T08:40:59,,sar,brightness,5,0.0005,0.1,
sar_brightness_5_lr0.001_rho0.001,gated_fusion,ucf,42,brightness_5,0.7886233344387991,0.2119394983219825,254,1010560,2026-04-29T08:40:59,2026-04-29T08:41:10,,sar,brightness,5,0.001,0.001,
sar_brightness_5_lr0.001_rho0.005,gated_fusion,ucf,42,brightness_5,0.7585904473489509,0.16331457489046744,254,1010560,2026-04-29T08:41:11,2026-04-29T08:41:46,,sar,brightness,5,0.001,0.005,
sar_brightness_5_lr0.001_rho0.01,gated_fusion,ucf,42,brightness_5,0.7837804703371353,0.19739109216122022,254,1010560,2026-04-29T08:41:47,2026-04-29T08:41:58,,sar,brightness,5,0.001,0.01,
sar_brightness_5_lr0.001_rho0.05,gated_fusion,ucf,42,brightness_5,0.7629013731251155,0.172925142585984,254,1010560,2026-04-29T08:41:58,2026-04-29T08:42:33,,sar,brightness,5,0.001,0.05,
sar_brightness_5_lr0.001_rho0.1,gated_fusion,ucf,42,brightness_5,0.7664452443359874,0.20384860235947536,254,1010560,2026-04-29T08:42:34,2026-04-29T08:43:10,,sar,brightness,5,0.001,0.1,
sar_brightness_5_lr0.005_rho0.001,gated_fusion,ucf,42,brightness_5,0.7711339688419547,0.18391886166542865,254,1010560,2026-04-29T08:43:11,2026-04-29T08:43:47,,sar,brightness,5,0.005,0.001,
sar_brightness_5_lr0.005_rho0.005,gated_fusion,ucf,42,brightness_5,0.7570300574217634,0.15907397493547148,254,1010560,2026-04-29T08:43:48,2026-04-29T08:44:24,,sar,brightness,5,0.005,0.005,
sar_brightness_5_lr0.005_rho0.01,gated_fusion,ucf,42,brightness_5,0.7757486463328296,0.1971023001765544,254,1010560,2026-04-29T08:44:25,2026-04-29T08:45:01,,sar,brightness,5,0.005,0.01,
sar_brightness_5_lr0.005_rho0.05,gated_fusion,ucf,42,brightness_5,0.7671784901700767,0.19350952612128663,254,1010560,2026-04-29T08:45:01,2026-04-29T08:45:12,,sar,brightness,5,0.005,0.05,
sar_brightness_5_lr0.005_rho0.1,gated_fusion,ucf,42,brightness_5,0.7647152660267904,0.1913469674588406,254,1010560,2026-04-29T08:45:13,2026-04-29T08:45:48,,sar,brightness,5,0.005,0.1,
sar_motion_blur_1_lr0.0001_rho0.001,gated_fusion,ucf,42,motion_blur_1,0.7026829327888799,0.1598860171749823,254,1010560,2026-04-29T08:45:49,2026-04-29T08:46:24,,sar,motion_blur,1,0.0001,0.001,
sar_motion_blur_1_lr0.0001_rho0.005,gated_fusion,ucf,42,motion_blur_1,0.7213167766235797,0.15431598530976684,254,1010560,2026-04-29T08:46:25,2026-04-29T08:46:35,,sar,motion_blur,1,0.0001,0.005,
sar_motion_blur_1_lr0.0001_rho0.01,gated_fusion,ucf,42,motion_blur_1,0.7348141222574511,0.16296110248817008,254,1010560,2026-04-29T08:46:36,2026-04-29T08:46:47,,sar,motion_blur,1,0.0001,0.01,
sar_motion_blur_1_lr0.0001_rho0.05,gated_fusion,ucf,42,motion_blur_1,0.7132644852098924,0.15581086357065727,254,1010560,2026-04-29T08:46:48,2026-04-29T08:47:23,,sar,motion_blur,1,0.0001,0.05,
sar_motion_blur_1_lr0.0001_rho0.1,gated_fusion,ucf,42,motion_blur_1,0.7167405960794083,0.15639864770469813,254,1010560,2026-04-29T08:47:24,2026-04-29T08:47:34,,sar,motion_blur,1,0.0001,0.1,
sar_motion_blur_1_lr0.0005_rho0.001,gated_fusion,ucf,42,motion_blur_1,0.732008015427417,0.16930349503017353,254,1010560,2026-04-29T08:47:35,2026-04-29T08:48:10,,sar,motion_blur,1,0.0005,0.001,
sar_motion_blur_1_lr0.0005_rho0.005,gated_fusion,ucf,42,motion_blur_1,0.742065746833196,0.1692382816357697,254,1010560,2026-04-29T08:48:11,2026-04-29T08:48:22,,sar,motion_blur,1,0.0005,0.005,
sar_motion_blur_1_lr0.0005_rho0.01,gated_fusion,ucf,42,motion_blur_1,0.7174161545380157,0.1541072499659445,254,1010560,2026-04-29T08:48:23,2026-04-29T08:49:00,,sar,motion_blur,1,0.0005,0.01,
sar_motion_blur_1_lr0.0005_rho0.05,gated_fusion,ucf,42,motion_blur_1,0.7360661526238373,0.16287243419576297,254,1010560,2026-04-29T08:49:00,2026-04-29T08:49:11,,sar,motion_blur,1,0.0005,0.05,
sar_motion_blur_1_lr0.0005_rho0.1,gated_fusion,ucf,42,motion_blur_1,0.739294806084377,0.16593421110670445,254,1010560,2026-04-29T08:49:12,2026-04-29T08:49:47,,sar,motion_blur,1,0.0005,0.1,
sar_motion_blur_1_lr0.001_rho0.001,gated_fusion,ucf,42,motion_blur_1,0.7240277796534766,0.16172945272673722,254,1010560,2026-04-29T08:49:47,2026-04-29T08:50:00,,sar,motion_blur,1,0.001,0.001,
sar_motion_blur_1_lr0.001_rho0.005,gated_fusion,ucf,42,motion_blur_1,0.7109825476625292,0.15165324412638323,254,1010560,2026-04-29T08:50:01,2026-04-29T08:50:36,,sar,motion_blur,1,0.001,0.005,
sar_motion_blur_1_lr0.001_rho0.01,gated_fusion,ucf,42,motion_blur_1,0.7274407290977936,0.16817312017892527,254,1010560,2026-04-29T08:50:37,2026-04-29T08:50:47,,sar,motion_blur,1,0.001,0.01,
sar_motion_blur_1_lr0.001_rho0.05,gated_fusion,ucf,42,motion_blur_1,0.7295616152803238,0.16032304816353218,254,1010560,2026-04-29T08:50:48,2026-04-29T08:51:23,,sar,motion_blur,1,0.001,0.05,
sar_motion_blur_1_lr0.001_rho0.1,gated_fusion,ucf,42,motion_blur_1,0.7121809984232044,0.14933242744064515,254,1010560,2026-04-29T08:51:24,2026-04-29T08:51:35,,sar,motion_blur,1,0.001,0.1,
sar_motion_blur_1_lr0.005_rho0.001,gated_fusion,ucf,42,motion_blur_1,0.7207602363291252,0.1610069040246542,254,1010560,2026-04-29T08:51:35,2026-04-29T08:52:11,,sar,motion_blur,1,0.005,0.001,
sar_motion_blur_1_lr0.005_rho0.005,gated_fusion,ucf,42,motion_blur_1,0.7189642211558894,0.1562108075709356,254,1010560,2026-04-29T08:52:11,2026-04-29T08:52:22,,sar,motion_blur,1,0.005,0.005,
sar_motion_blur_1_lr0.005_rho0.01,gated_fusion,ucf,42,motion_blur_1,0.7251252239274524,0.15211348868372165,254,1010560,2026-04-29T08:52:23,2026-04-29T08:52:58,,sar,motion_blur,1,0.005,0.01,
sar_motion_blur_1_lr0.005_rho0.05,gated_fusion,ucf,42,motion_blur_1,0.7201902922033088,0.1684199235533121,254,1010560,2026-04-29T08:52:59,2026-04-29T08:53:09,,sar,motion_blur,1,0.005,0.05,
sar_motion_blur_1_lr0.005_rho0.1,gated_fusion,ucf,42,motion_blur_1,0.7301814330891232,0.16185493000449577,254,1010560,2026-04-29T08:53:10,2026-04-29T08:53:45,,sar,motion_blur,1,0.005,0.1,
sar_motion_blur_2_lr0.0001_rho0.001,gated_fusion,ucf,42,motion_blur_2,0.6771817551704628,0.13393028726245393,254,1010560,2026-04-29T08:53:46,2026-04-29T08:53:57,,sar,motion_blur,2,0.0001,0.001,
sar_motion_blur_2_lr0.0001_rho0.005,gated_fusion,ucf,42,motion_blur_2,0.6729045488261589,0.13552833613533835,254,1010560,2026-04-29T08:53:57,2026-04-29T08:54:33,,sar,motion_blur,2,0.0001,0.005,
sar_motion_blur_2_lr0.0001_rho0.01,gated_fusion,ucf,42,motion_blur_2,0.6610641703587689,0.13928738134268934,254,1010560,2026-04-29T08:54:34,2026-04-29T08:55:10,,sar,motion_blur,2,0.0001,0.01,
sar_motion_blur_2_lr0.0001_rho0.05,gated_fusion,ucf,42,motion_blur_2,0.6668140836055143,0.13609505936378075,254,1010560,2026-04-29T08:55:10,2026-04-29T08:55:21,,sar,motion_blur,2,0.0001,0.05,
sar_motion_blur_2_lr0.0001_rho0.1,gated_fusion,ucf,42,motion_blur_2,0.6742607647358502,0.12774986894046572,254,1010560,2026-04-29T08:55:22,2026-04-29T08:55:58,,sar,motion_blur,2,0.0001,0.1,
sar_motion_blur_2_lr0.0005_rho0.001,gated_fusion,ucf,42,motion_blur_2,0.6612324192506358,0.1333538214773733,254,1010560,2026-04-29T08:55:58,2026-04-29T08:56:09,,sar,motion_blur,2,0.0005,0.001,
sar_motion_blur_2_lr0.0005_rho0.005,gated_fusion,ucf,42,motion_blur_2,0.6652521398697613,0.13242545552287227,254,1010560,2026-04-29T08:56:10,2026-04-29T08:56:45,,sar,motion_blur,2,0.0005,0.005,
sar_motion_blur_2_lr0.0005_rho0.01,gated_fusion,ucf,42,motion_blur_2,0.6545887892506965,0.13268405390404675,254,1010560,2026-04-29T08:56:45,2026-04-29T08:56:56,,sar,motion_blur,2,0.0005,0.01,
sar_motion_blur_2_lr0.0005_rho0.05,gated_fusion,ucf,42,motion_blur_2,0.6640040029547233,0.1299751795003933,254,1010560,2026-04-29T08:56:57,2026-04-29T08:57:32,,sar,motion_blur,2,0.0005,0.05,
sar_motion_blur_2_lr0.0005_rho0.1,gated_fusion,ucf,42,motion_blur_2,0.6633184697595196,0.13198175875106483,254,1010560,2026-04-29T08:57:33,2026-04-29T08:58:09,,sar,motion_blur,2,0.0005,0.1,
sar_motion_blur_2_lr0.001_rho0.001,gated_fusion,ucf,42,motion_blur_2,0.6804474053487459,0.15045734568285493,254,1010560,2026-04-29T08:58:10,2026-04-29T08:58:20,,sar,motion_blur,2,0.001,0.001,
sar_motion_blur_2_lr0.001_rho0.005,gated_fusion,ucf,42,motion_blur_2,0.6743985357620016,0.1364156162074013,254,1010560,2026-04-29T08:58:21,2026-04-29T08:58:32,,sar,motion_blur,2,0.001,0.005,
sar_motion_blur_2_lr0.001_rho0.01,gated_fusion,ucf,42,motion_blur_2,0.6707369769471857,0.1348157233462758,254,1010560,2026-04-29T08:58:32,2026-04-29T08:59:07,,sar,motion_blur,2,0.001,0.01,
sar_motion_blur_2_lr0.001_rho0.05,gated_fusion,ucf,42,motion_blur_2,0.6753106571097574,0.13462283121592136,254,1010560,2026-04-29T08:59:08,2026-04-29T08:59:18,,sar,motion_blur,2,0.001,0.05,
sar_motion_blur_2_lr0.001_rho0.1,gated_fusion,ucf,42,motion_blur_2,0.6716661187496888,0.12450591478380879,254,1010560,2026-04-29T08:59:19,2026-04-29T08:59:29,,sar,motion_blur,2,0.001,0.1,
sar_motion_blur_2_lr0.005_rho0.001,gated_fusion,ucf,42,motion_blur_2,0.6530363737548258,0.14087468499580336,254,1010560,2026-04-29T08:59:30,2026-04-29T08:59:40,,sar,motion_blur,2,0.005,0.001,
sar_motion_blur_2_lr0.005_rho0.005,gated_fusion,ucf,42,motion_blur_2,0.66732550987196,0.1367693407398105,254,1010560,2026-04-29T08:59:41,2026-04-29T09:00:16,,sar,motion_blur,2,0.005,0.005,
sar_motion_blur_2_lr0.005_rho0.01,gated_fusion,ucf,42,motion_blur_2,0.654946513488226,0.12370406927113087,254,1010560,2026-04-29T09:00:16,2026-04-29T09:00:27,,sar,motion_blur,2,0.005,0.01,
sar_motion_blur_2_lr0.005_rho0.05,gated_fusion,ucf,42,motion_blur_2,0.6612200780814536,0.1261892316895018,254,1010560,2026-04-29T09:00:28,2026-04-29T09:00:38,,sar,motion_blur,2,0.005,0.05,
sar_motion_blur_2_lr0.005_rho0.1,gated_fusion,ucf,42,motion_blur_2,0.6758842982283678,0.1325619780859623,254,1010560,2026-04-29T09:00:39,2026-04-29T09:00:49,,sar,motion_blur,2,0.005,0.1,
sar_motion_blur_3_lr0.0001_rho0.001,gated_fusion,ucf,42,motion_blur_3,0.6999963263394499,0.14102032843349388,254,1010560,2026-04-29T09:00:50,2026-04-29T09:01:25,,sar,motion_blur,3,0.0001,0.001,
sar_motion_blur_3_lr0.0001_rho0.005,gated_fusion,ucf,42,motion_blur_3,0.6909555804997373,0.1378426378019315,254,1010560,2026-04-29T09:01:25,2026-04-29T09:01:36,,sar,motion_blur,3,0.0001,0.005,
sar_motion_blur_3_lr0.0001_rho0.01,gated_fusion,ucf,42,motion_blur_3,0.6983486998842305,0.14186919643671453,254,1010560,2026-04-29T09:01:37,2026-04-29T09:01:47,,sar,motion_blur,3,0.0001,0.01,
sar_motion_blur_3_lr0.0001_rho0.05,gated_fusion,ucf,42,motion_blur_3,0.6834137062699216,0.14192510425922164,254,1010560,2026-04-29T09:01:47,2026-04-29T09:01:58,,sar,motion_blur,3,0.0001,0.05,
sar_motion_blur_3_lr0.0001_rho0.1,gated_fusion,ucf,42,motion_blur_3,0.6854408370723919,0.14065840449524664,254,1010560,2026-04-29T09:01:59,2026-04-29T09:02:33,,sar,motion_blur,3,0.0001,0.1,
sar_motion_blur_3_lr0.0005_rho0.001,gated_fusion,ucf,42,motion_blur_3,0.6681755681764338,0.13500275418868884,254,1010560,2026-04-29T09:02:34,2026-04-29T09:02:45,,sar,motion_blur,3,0.0005,0.001,
sar_motion_blur_3_lr0.0005_rho0.005,gated_fusion,ucf,42,motion_blur_3,0.6782144038412653,0.13593432707325248,254,1010560,2026-04-29T09:02:45,2026-04-29T09:02:56,,sar,motion_blur,3,0.0005,0.005,
sar_motion_blur_3_lr0.0005_rho0.01,gated_fusion,ucf,42,motion_blur_3,0.6942990282655127,0.14393706624962854,254,1010560,2026-04-29T09:02:56,2026-04-29T09:03:32,,sar,motion_blur,3,0.0005,0.01,
sar_motion_blur_3_lr0.0005_rho0.05,gated_fusion,ucf,42,motion_blur_3,0.6830562767202235,0.13836008904023314,254,1010560,2026-04-29T09:03:32,2026-04-29T09:03:43,,sar,motion_blur,3,0.0005,0.05,
sar_motion_blur_3_lr0.0005_rho0.1,gated_fusion,ucf,42,motion_blur_3,0.6938936985483088,0.14172273480132005,254,1010560,2026-04-29T09:03:44,2026-04-29T09:03:54,,sar,motion_blur,3,0.0005,0.1,
sar_motion_blur_3_lr0.001_rho0.001,gated_fusion,ucf,42,motion_blur_3,0.7014013621998783,0.14458981551973488,254,1010560,2026-04-29T09:03:55,2026-04-29T09:04:05,,sar,motion_blur,3,0.001,0.001,
sar_motion_blur_3_lr0.001_rho0.005,gated_fusion,ucf,42,motion_blur_3,0.7095517757314909,0.1449118301968406,254,1010560,2026-04-29T09:04:06,2026-04-29T09:04:41,,sar,motion_blur,3,0.001,0.005,
sar_motion_blur_3_lr0.001_rho0.01,gated_fusion,ucf,42,motion_blur_3,0.6745512554981465,0.13929821885127308,254,1010560,2026-04-29T09:04:41,2026-04-29T09:04:52,,sar,motion_blur,3,0.001,0.01,
sar_motion_blur_3_lr0.001_rho0.05,gated_fusion,ucf,42,motion_blur_3,0.7060271128092667,0.1448942711119275,254,1010560,2026-04-29T09:04:52,2026-04-29T09:05:03,,sar,motion_blur,3,0.001,0.05,
sar_motion_blur_3_lr0.001_rho0.1,gated_fusion,ucf,42,motion_blur_3,0.683880027438293,0.13858984051299567,254,1010560,2026-04-29T09:05:03,2026-04-29T09:05:39,,sar,motion_blur,3,0.001,0.1,
sar_motion_blur_3_lr0.005_rho0.001,gated_fusion,ucf,42,motion_blur_3,0.6900190982912517,0.14250104487884027,254,1010560,2026-04-29T09:05:40,2026-04-29T09:05:50,,sar,motion_blur,3,0.005,0.001,
sar_motion_blur_3_lr0.005_rho0.005,gated_fusion,ucf,42,motion_blur_3,0.6986466828613924,0.14206284536069996,254,1010560,2026-04-29T09:05:50,2026-04-29T09:06:01,,sar,motion_blur,3,0.005,0.005,
sar_motion_blur_3_lr0.005_rho0.01,gated_fusion,ucf,42,motion_blur_3,0.6882803061369153,0.1410642391868345,254,1010560,2026-04-29T09:06:02,2026-04-29T09:06:37,,sar,motion_blur,3,0.005,0.01,
sar_motion_blur_3_lr0.005_rho0.05,gated_fusion,ucf,42,motion_blur_3,0.6785069127687103,0.1378762317673381,254,1010560,2026-04-29T09:06:38,2026-04-29T09:06:48,,sar,motion_blur,3,0.005,0.05,
sar_motion_blur_3_lr0.005_rho0.1,gated_fusion,ucf,42,motion_blur_3,0.680698050744262,0.14009596223259857,254,1010560,2026-04-29T09:06:49,2026-04-29T09:06:59,,sar,motion_blur,3,0.005,0.1,
sar_motion_blur_4_lr0.0001_rho0.001,gated_fusion,ucf,42,motion_blur_4,0.6979127583522973,0.14485859056398712,254,1010560,2026-04-29T09:07:00,2026-04-29T09:07:35,,sar,motion_blur,4,0.0001,0.001,
sar_motion_blur_4_lr0.0001_rho0.005,gated_fusion,ucf,42,motion_blur_4,0.6872785639686736,0.14194377944875616,254,1010560,2026-04-29T09:07:36,2026-04-29T09:07:46,,sar,motion_blur,4,0.0001,0.005,
sar_motion_blur_4_lr0.0001_rho0.01,gated_fusion,ucf,42,motion_blur_4,0.6867090395497685,0.14462554497522725,254,1010560,2026-04-29T09:07:47,2026-04-29T09:08:23,,sar,motion_blur,4,0.0001,0.01,
sar_motion_blur_4_lr0.0001_rho0.05,gated_fusion,ucf,42,motion_blur_4,0.7051620790049967,0.14952115850699368,254,1010560,2026-04-29T09:08:24,2026-04-29T09:08:34,,sar,motion_blur,4,0.0001,0.05,
sar_motion_blur_4_lr0.0001_rho0.1,gated_fusion,ucf,42,motion_blur_4,0.6671903642464884,0.13411273638311996,254,1010560,2026-04-29T09:08:34,2026-04-29T09:08:45,,sar,motion_blur,4,0.0001,0.1,
sar_motion_blur_4_lr0.0005_rho0.001,gated_fusion,ucf,42,motion_blur_4,0.6912051721630077,0.1444567338498504,254,1010560,2026-04-29T09:08:46,2026-04-29T09:09:21,,sar,motion_blur,4,0.0005,0.001,
sar_motion_blur_4_lr0.0005_rho0.005,gated_fusion,ucf,42,motion_blur_4,0.7159040309056395,0.15177127441474286,254,1010560,2026-04-29T09:09:21,2026-04-29T09:09:32,,sar,motion_blur,4,0.0005,0.005,
sar_motion_blur_4_lr0.0005_rho0.01,gated_fusion,ucf,42,motion_blur_4,0.6889683843633903,0.1441693908377326,254,1010560,2026-04-29T09:09:32,2026-04-29T09:09:43,,sar,motion_blur,4,0.0005,0.01,
sar_motion_blur_4_lr0.0005_rho0.05,gated_fusion,ucf,42,motion_blur_4,0.6878917111165618,0.14349366479612904,254,1010560,2026-04-29T09:09:44,2026-04-29T09:10:19,,sar,motion_blur,4,0.0005,0.05,
sar_motion_blur_4_lr0.0005_rho0.1,gated_fusion,ucf,42,motion_blur_4,0.6805970353276282,0.13775035725874205,254,1010560,2026-04-29T09:10:19,2026-04-29T09:10:30,,sar,motion_blur,4,0.0005,0.1,
sar_motion_blur_4_lr0.001_rho0.001,gated_fusion,ucf,42,motion_blur_4,0.6901375181498074,0.1483031815402106,254,1010560,2026-04-29T09:10:31,2026-04-29T09:11:07,,sar,motion_blur,4,0.001,0.001,
sar_motion_blur_4_lr0.001_rho0.005,gated_fusion,ucf,42,motion_blur_4,0.6808717468960428,0.14197808870196044,254,1010560,2026-04-29T09:11:07,2026-04-29T09:11:43,,sar,motion_blur,4,0.001,0.005,
sar_motion_blur_4_lr0.001_rho0.01,gated_fusion,ucf,42,motion_blur_4,0.6893703832151057,0.14001802481632328,254,1010560,2026-04-29T09:11:44,2026-04-29T09:11:54,,sar,motion_blur,4,0.001,0.01,
sar_motion_blur_4_lr0.001_rho0.05,gated_fusion,ucf,42,motion_blur_4,0.6837745024048452,0.13514800243957797,254,1010560,2026-04-29T09:11:55,2026-04-29T09:12:05,,sar,motion_blur,4,0.001,0.05,
sar_motion_blur_4_lr0.001_rho0.1,gated_fusion,ucf,42,motion_blur_4,0.6629874460255026,0.13531566874143866,254,1010560,2026-04-29T09:12:06,2026-04-29T09:12:41,,sar,motion_blur,4,0.001,0.1,
sar_motion_blur_4_lr0.005_rho0.001,gated_fusion,ucf,42,motion_blur_4,0.6938766513037584,0.1446454485716326,254,1010560,2026-04-29T09:12:42,2026-04-29T09:12:53,,sar,motion_blur,4,0.005,0.001,
sar_motion_blur_4_lr0.005_rho0.005,gated_fusion,ucf,42,motion_blur_4,0.6894407957469443,0.14042861375654406,254,1010560,2026-04-29T09:12:53,2026-04-29T09:13:29,,sar,motion_blur,4,0.005,0.005,
sar_motion_blur_4_lr0.005_rho0.01,gated_fusion,ucf,42,motion_blur_4,0.6837508112891866,0.14128354051716202,254,1010560,2026-04-29T09:13:29,2026-04-29T09:13:40,,sar,motion_blur,4,0.005,0.01,
sar_motion_blur_4_lr0.005_rho0.05,gated_fusion,ucf,42,motion_blur_4,0.6875581066315365,0.1454816448433816,254,1010560,2026-04-29T09:13:41,2026-04-29T09:14:16,,sar,motion_blur,4,0.005,0.05,
sar_motion_blur_4_lr0.005_rho0.1,gated_fusion,ucf,42,motion_blur_4,0.6924859033381864,0.1435980546759121,254,1010560,2026-04-29T09:14:17,2026-04-29T09:14:27,,sar,motion_blur,4,0.005,0.1,
sar_motion_blur_5_lr0.0001_rho0.001,gated_fusion,ucf,42,motion_blur_5,0.6114398557910192,0.10299391934085572,254,1010560,2026-04-29T09:14:28,2026-04-29T09:14:38,,sar,motion_blur,5,0.0001,0.001,
sar_motion_blur_5_lr0.0001_rho0.005,gated_fusion,ucf,42,motion_blur_5,0.6031767554186619,0.09830099729748366,254,1010560,2026-04-29T09:14:39,2026-04-29T09:15:14,,sar,motion_blur,5,0.0001,0.005,
sar_motion_blur_5_lr0.0001_rho0.01,gated_fusion,ucf,42,motion_blur_5,0.5881964334579212,0.0955122775649697,254,1010560,2026-04-29T09:15:15,2026-04-29T09:15:25,,sar,motion_blur,5,0.0001,0.01,
sar_motion_blur_5_lr0.0001_rho0.05,gated_fusion,ucf,42,motion_blur_5,0.610252049512012,0.09740915005752909,254,1010560,2026-04-29T09:15:26,2026-04-29T09:15:36,,sar,motion_blur,5,0.0001,0.05,
sar_motion_blur_5_lr0.0001_rho0.1,gated_fusion,ucf,42,motion_blur_5,0.596358902400819,0.0975705197753738,254,1010560,2026-04-29T09:15:37,2026-04-29T09:16:12,,sar,motion_blur,5,0.0001,0.1,
sar_motion_blur_5_lr0.0005_rho0.001,gated_fusion,ucf,42,motion_blur_5,0.6052534384264805,0.1008025330535822,254,1010560,2026-04-29T09:16:13,2026-04-29T09:16:23,,sar,motion_blur,5,0.0005,0.001,
sar_motion_blur_5_lr0.0005_rho0.005,gated_fusion,ucf,42,motion_blur_5,0.595703677402579,0.09885999235810855,254,1010560,2026-04-29T09:16:24,2026-04-29T09:16:34,,sar,motion_blur,5,0.0005,0.005,
sar_motion_blur_5_lr0.0005_rho0.01,gated_fusion,ucf,42,motion_blur_5,0.5866982315930959,0.09552915132188303,254,1010560,2026-04-29T09:16:35,2026-04-29T09:17:10,,sar,motion_blur,5,0.0005,0.01,
sar_motion_blur_5_lr0.0005_rho0.05,gated_fusion,ucf,42,motion_blur_5,0.5985840634259971,0.10117845736493761,254,1010560,2026-04-29T09:17:11,2026-04-29T09:17:21,,sar,motion_blur,5,0.0005,0.05,
sar_motion_blur_5_lr0.0005_rho0.1,gated_fusion,ucf,42,motion_blur_5,0.5905555434973769,0.09544823958736876,254,1010560,2026-04-29T09:17:22,2026-04-29T09:17:32,,sar,motion_blur,5,0.0005,0.1,
sar_motion_blur_5_lr0.001_rho0.001,gated_fusion,ucf,42,motion_blur_5,0.5875608989647803,0.09966427876973348,254,1010560,2026-04-29T09:17:33,2026-04-29T09:18:08,,sar,motion_blur,5,0.001,0.001,
sar_motion_blur_5_lr0.001_rho0.005,gated_fusion,ucf,42,motion_blur_5,0.5943275298795634,0.10171806219719912,254,1010560,2026-04-29T09:18:09,2026-04-29T09:18:20,,sar,motion_blur,5,0.001,0.005,
sar_motion_blur_5_lr0.001_rho0.01,gated_fusion,ucf,42,motion_blur_5,0.6221160744453889,0.10818670836047753,254,1010560,2026-04-29T09:18:20,2026-04-29T09:18:56,,sar,motion_blur,5,0.001,0.01,
sar_motion_blur_5_lr0.001_rho0.05,gated_fusion,ucf,42,motion_blur_5,0.6086706742392543,0.10149092031967619,254,1010560,2026-04-29T09:18:56,2026-04-29T09:19:07,,sar,motion_blur,5,0.001,0.05,
sar_motion_blur_5_lr0.001_rho0.1,gated_fusion,ucf,42,motion_blur_5,0.5786589243038591,0.09623930769616947,254,1010560,2026-04-29T09:19:08,2026-04-29T09:19:43,,sar,motion_blur,5,0.001,0.1,
sar_motion_blur_5_lr0.005_rho0.001,gated_fusion,ucf,42,motion_blur_5,0.6197110645437075,0.10169868493952089,254,1010560,2026-04-29T09:19:44,2026-04-29T09:19:54,,sar,motion_blur,5,0.005,0.001,
sar_motion_blur_5_lr0.005_rho0.005,gated_fusion,ucf,42,motion_blur_5,0.5847942535143523,0.09470412205986761,254,1010560,2026-04-29T09:19:55,2026-04-29T09:20:30,,sar,motion_blur,5,0.005,0.005,
sar_motion_blur_5_lr0.005_rho0.01,gated_fusion,ucf,42,motion_blur_5,0.5969511624324143,0.09946218452670026,254,1010560,2026-04-29T09:20:31,2026-04-29T09:20:42,,sar,motion_blur,5,0.005,0.01,
sar_motion_blur_5_lr0.005_rho0.05,gated_fusion,ucf,42,motion_blur_5,0.5947615157558881,0.09888594408557899,254,1010560,2026-04-29T09:20:42,2026-04-29T09:21:18,,sar,motion_blur,5,0.005,0.05,
sar_motion_blur_5_lr0.005_rho0.1,gated_fusion,ucf,42,motion_blur_5,0.5827682925332734,0.09647330794249281,254,1010560,2026-04-29T09:21:18,2026-04-29T09:21:29,,sar,motion_blur,5,0.005,0.1,
xd_gated_fusion_lr5e5_k1_s42,gated_fusion,xd,42,,0.916914006539103,0.7110801087267391,800,2313024,2026-05-01T07:12:55,2026-05-01T07:16:11,aa10b6882b8619db6e8d3053554f16e2bacef13637477e82c378d25ff881d447,,,,,,
xd_gated_fusion_lr5e5_k3_s42,gated_fusion,xd,42,,0.9185363383771477,0.7171059436852667,800,2313024,2026-05-01T07:16:11,2026-05-01T07:18:16,4d27ab37b41e2f514472a7eccf415e0755624f9e91b362b52937cd3312e7d6cd,,,,,,
xd_gated_fusion_lr5e5_k5_s42,gated_fusion,xd,42,,0.9187041514728662,0.7132913377505332,800,2313024,2026-05-01T07:18:16,2026-05-01T07:20:48,94fb9789973863c6ce0a38ca0dfbda02b6ab8b15ca1b343dc3448ed63cfc544d,,,,,,
xd_gated_fusion_lr5e5_k7_s42,gated_fusion,xd,42,,0.9179127425117729,0.7126798953515893,800,2313024,2026-05-01T07:20:49,2026-05-01T07:24:12,b82c1e0f37323373bec673ac566421870f2f8abb4f98238366dbd15b16267db9,,,,,,
xd_gated_fusion_lr1e4_k1_s42,gated_fusion,xd,42,,0.9196482416855144,0.7374523240301829,800,2313024,2026-05-01T07:24:12,2026-05-01T07:25:58,3decb36a03d1fa3ede805c3516c28b13214a90447b20be061fd3b31366236ae2,,,,,,
xd_gated_fusion_lr1e4_k3_s42,gated_fusion,xd,42,,0.9199907242272506,0.719207892616545,800,2313024,2026-05-01T07:25:58,2026-05-01T07:28:00,0970746fbdbff1b29776f6c904951f99dac7fc31dfacd596a1d516b4dc1150de,,,,,,
xd_gated_fusion_lr1e4_k5_s42,gated_fusion,xd,42,,0.9099032299243625,0.6714545271319904,800,2313024,2026-05-01T07:28:01,2026-05-01T07:30:41,b91ce6f7d688c67652594f9083b91c09ab18bf1fdd6c9963b1ffeca6f0b35db3,,,,,,
xd_gated_fusion_lr1e4_k7_s42,gated_fusion,xd,42,,0.909102599878475,0.6728543344047707,800,2313024,2026-05-01T07:30:42,2026-05-01T07:33:20,59a68336f74b1af8a5f08bd039d72a9632a8043d3ef58c5259dd21b8388efc1d,,,,,,
xd_gated_fusion_lr2e4_k1_s42,gated_fusion,xd,42,,0.9172795422303014,0.7188923326271406,800,2313024,2026-05-01T07:33:21,2026-05-01T07:35:40,147f3d3d706dd90c934da230f86ba6f8db482795f825f70658cb3f08791a2afa,,,,,,
xd_gated_fusion_lr2e4_k3_s42,gated_fusion,xd,42,,0.9233351217164293,0.7408047285345472,800,2313024,2026-05-01T07:35:40,2026-05-01T07:37:24,b696be2af0c685af1cd26c1c172c538a1356b520fc567bf16b36c5d1791ff593,,,,,,
xd_gated_fusion_lr2e4_k5_s42,gated_fusion,xd,42,,0.9110191245761122,0.6638529802971747,800,2313024,2026-05-01T07:37:24,2026-05-01T07:40:02,fe9f01d9f11db9d3f54f00f3a5a7299313246dc6b63e019a3b996a9d3eb72318,,,,,,
xd_gated_fusion_lr2e4_k7_s42,gated_fusion,xd,42,,0.9108530881440859,0.6729151131211846,800,2313024,2026-05-01T07:40:03,2026-05-01T07:42:43,2bc6936f5c38ae0bf1dced4a75989e1e22d9fbdf85cc1f611e9230a6d6f38420,,,,,,
xd_gated_fusion_lr3e4_k1_s42,gated_fusion,xd,42,,0.9158208870029976,0.7155215616325198,800,2313024,2026-05-01T07:42:44,2026-05-01T07:44:31,091c6c52a302abe8835e35466bba04995f729652a6e2b38227d3e0d477d4fe67,,,,,,
xd_gated_fusion_lr3e4_k3_s42,gated_fusion,xd,42,,0.9225929229575787,0.7335682927057937,800,2313024,2026-05-01T07:44:32,2026-05-01T07:46:18,1a864acf187c0987eedde1a6e61c5ddba8c9221b5575be18b2f5ea7fc735f0b3,,,,,,
xd_gated_fusion_lr3e4_k5_s42,gated_fusion,xd,42,,0.9105389069682375,0.6702021706238228,800,2313024,2026-05-01T07:46:18,2026-05-01T07:48:59,426343a38a2bcb922796e17db8e6e6e28245574862ea955bfc2e0f28493f8c0e,,,,,,
xd_gated_fusion_lr3e4_k7_s42,gated_fusion,xd,42,,0.926094055903856,0.7419104936235871,800,2313024,2026-05-01T07:48:59,2026-05-01T07:50:56,cde7616088729ae572035ac7a78a2c65380560ff3cfa79c6c9a52c123bc60cb4,,,,,,
xd_gated_fusion_lr5e4_k1_s42,gated_fusion,xd,42,,0.9198736757252123,0.7453773853875572,800,2313024,2026-05-01T07:50:56,2026-05-01T07:52:42,a0ee96d1515a2b489d795dbb3fad41135f428d3cf3f190ea76d6e78b3c3650da,,,,,,
xd_gated_fusion_lr5e4_k3_s42,gated_fusion,xd,42,,0.9146566222068846,0.6929540652940184,800,2313024,2026-05-01T07:52:42,2026-05-01T07:54:40,a0187ee04c4bdda96acd989eb8c93f69366a4201cb37161ac628caecfdda4402,,,,,,
xd_gated_fusion_lr5e4_k5_s42,gated_fusion,xd,42,,0.9182513075092257,0.7070657637499641,800,2313024,2026-05-01T07:54:40,2026-05-01T07:56:36,076db23bb347b7e3f802522dae9036e5d251f15e5fa341d1f0ae80a8143e27f0,,,,,,
xd_gated_fusion_lr5e4_k7_s42,gated_fusion,xd,42,,0.913648300764262,0.6822082215423567,800,2313024,2026-05-01T07:56:37,2026-05-01T07:59:15,4cc8598c1aef4b5a7c16f6d8a96eeb5642037145e15e635cfd58df7bd89de49f,,,,,,
xd_gated_fusion_lr7e4_k1_s42,gated_fusion,xd,42,,0.9235373325288486,0.7616587401214953,800,2313024,2026-05-01T08:11:03,2026-05-01T08:12:16,71760a2f48882dc3ade2850929140b49aecec3e36729933efd2b1deb6b4da73f,,,,,,
xd_gated_fusion_lr7e4_k3_s42,gated_fusion,xd,42,,0.9204494561004714,0.7150688920734398,800,2313024,2026-05-01T08:12:17,2026-05-01T08:14:31,e8f9e2663497c745a3019cefe09fde40a73b9add6f86050ff46012df613dce37,,,,,,
xd_gated_fusion_lr7e4_k5_s42,gated_fusion,xd,42,,0.9236818537806153,0.7270926739274701,800,2313024,2026-05-01T08:14:32,2026-05-01T08:16:39,6c3391fd10b57bc22d978560032d8d15d05f084b627672e2d07af8e572bc005d,,,,,,
xd_gated_fusion_lr7e4_k7_s42,gated_fusion,xd,42,,0.9215948466674235,0.7205965740869951,800,2313024,2026-05-01T08:16:40,2026-05-01T08:18:40,7ef8de59d180faaf78dc0aef2e8481018d1b6a30617cf64f1485489e56771ed3,,,,,,
xd_gated_fusion_lr1e3_k1_s42,gated_fusion,xd,42,,0.9166226397172709,0.7262643602869058,800,2313024,2026-05-01T08:18:41,2026-05-01T08:20:20,8a8086e108daed86007ada77c334cb5fc4ff8bf49a35d339ee64d635f3d9a324,,,,,,
xd_gated_fusion_lr1e3_k3_s42,gated_fusion,xd,42,,0.9178394292812179,0.7283258807278915,800,2313024,2026-05-01T08:20:21,2026-05-01T08:22:25,3058e09cda249407e356f04a3da10633f57c1b970d1ff9c5b0f3e4cbd8bf6ca3,,,,,,
xd_gated_fusion_lr1e3_k5_s42,gated_fusion,xd,42,,0.9161632882075587,0.6947637466691919,800,2313024,2026-05-01T08:22:26,2026-05-01T08:24:56,70a95666353dca2884593e484b79bbf7ce1e908b8859adba2a72da699c0aed4e,,,,,,
xd_gated_fusion_lr1e3_k7_s42,gated_fusion,xd,42,,0.9217506755027484,0.7261944965555572,800,2313024,2026-05-01T08:24:57,2026-05-01T08:26:49,053ac57961ca6a5036cb8a0f4c04231598fae67181b7fc2c4f33baba659d5daa,,,,,,
xd_gated_fusion_lr5e5_k2_s42,gated_fusion,xd,42,,0.9184960067820703,0.7162545886030546,800,2313024,2026-05-01T08:26:50,2026-05-01T08:28:50,6894ebbfa757166986945855d90acefecd00c08b1eb31847cf568198d93abaca,,,,,,
xd_gated_fusion_lr5e5_k9_s42,gated_fusion,xd,42,,0.9242439873124761,0.7483033690612988,800,2313024,2026-05-01T08:28:50,2026-05-01T08:31:25,95525f4c38ab18b971c88f3df749c53f9514786833b0471ac68275a1096c742d,,,,,,
xd_gated_fusion_lr1e4_k2_s42,gated_fusion,xd,42,,0.9206704117833008,0.7377135246539618,800,2313024,2026-05-01T08:31:26,2026-05-01T08:33:06,2cacd10592884dc21ff8dd6ae00166a571774b87629483a27e051ba79d2cb902,,,,,,
xd_gated_fusion_lr1e4_k9_s42,gated_fusion,xd,42,,0.919638689228292,0.7209396675551244,800,2313024,2026-05-01T08:33:07,2026-05-01T08:35:15,20d61b5972f62255286f579c3fbfa963553dfb7cce70ec50a534fff83527966a,,,,,,
xd_gated_fusion_lr2e4_k2_s42,gated_fusion,xd,42,,0.9221451102887954,0.7324178676102813,800,2313024,2026-05-01T08:35:16,2026-05-01T08:36:56,915f1309ad9d9445d5d1bf1410ad9b1e7b4c2836f9c4b7c4031fdef2abb45ca9,,,,,,
xd_gated_fusion_lr2e4_k9_s42,gated_fusion,xd,42,,0.9093197289787025,0.6754204060631512,800,2313024,2026-05-01T08:36:57,2026-05-01T08:39:31,350c3efedc8150dfb2896b0e94d0f9b01f4e61cdfefbe3978299d9c81668ad08,,,,,,
xd_gated_fusion_lr3e4_k2_s42,gated_fusion,xd,42,,0.9210201280165609,0.7210580946096269,800,2313024,2026-05-01T08:39:31,2026-05-01T08:40:47,c96ab745a599d740c3311c920bd496cea6ac1afd43fbd40fa36f9b2ebef81f1f,,,,,,
xd_gated_fusion_lr3e4_k9_s42,gated_fusion,xd,42,,0.9276514777823114,0.7488598316753186,800,2313024,2026-05-01T08:40:48,2026-05-01T08:42:40,2e24afaa1802b349e641ef2bab73a74b4a22830f5682dff008bf40d936fef253,,,,,,
xd_gated_fusion_lr5e4_k2_s42,gated_fusion,xd,42,,0.9275925407039063,0.7679613488579083,800,2313024,2026-05-01T08:42:40,2026-05-01T08:44:16,e8f41dbb3433ce4530c50850ff1dbdb16f89581efd82594675a02c97b1f84789,,,,,,
xd_gated_fusion_lr5e4_k9_s42,gated_fusion,xd,42,,0.9271142000430425,0.7444051556941103,800,2313024,2026-05-01T08:44:17,2026-05-01T08:46:11,afe027aeb413ef6d901224160218391bc76f093ee29508a20b788dc05f49d8f2,,,,,,
xd_gated_fusion_lr4e4_k1_s42,gated_fusion,xd,42,,0.9200243302105165,0.7265387610814967,800,2313024,2026-05-01T09:21:51,2026-05-01T09:23:07,43eba40d56f2b173f1c9e67f5cf5c55be1e3b7031125a1155e1c0828a9ca8241,,,,,,
xd_gated_fusion_lr4e4_k2_s42,gated_fusion,xd,42,,0.9173563915583558,0.7166575242514386,800,2313024,2026-05-01T09:23:08,2026-05-01T09:24:48,c61a2429a7fa71b7de51b9962829dd4a57655c9b91464a7ec089f4cb876da837,,,,,,
xd_gated_fusion_lr4e4_k3_s42,gated_fusion,xd,42,,0.9172799702516199,0.721228610701796,800,2313024,2026-05-01T09:24:49,2026-05-01T09:26:28,ad6d84e2dd873948ccc49a9602abaf1c2cc059626c789d0c758c9d60a4dec1d5,,,,,,
xd_gated_fusion_lr4e4_k5_s42,gated_fusion,xd,42,,0.9091524179389672,0.6615191629538693,800,2313024,2026-05-01T09:26:28,2026-05-01T09:28:59,8946cb7ec7b75b79db29700e622aec1428639a648bb01a1351fd85f1a8ea6d18,,,,,,
xd_gated_fusion_lr4e4_k7_s42,gated_fusion,xd,42,,0.91140726342062,0.675443021833307,800,2313024,2026-05-01T09:29:00,2026-05-01T09:31:32,6ff56186f57291a967cd9aa7f2c6024966121807523da2ec65e9c713f9e41502,,,,,,
xd_gated_fusion_lr4e4_k9_s42,gated_fusion,xd,42,,0.9261299927675839,0.7441134357739989,800,2313024,2026-05-01T09:31:33,2026-05-01T09:33:26,9e6bb4a1a161ee957867aeafea969edb2423723d89fd4d6b47b545a26250df93,,,,,,
xd_gated_fusion_lr6e4_k1_s42,gated_fusion,xd,42,,0.9140954235982306,0.7012364719232714,800,2313024,2026-05-01T09:33:26,2026-05-01T09:35:07,71a318591f4509ca0b55b0d1c9107d6de57f509996b8dd4dba27de7799ec7b99,,,,,,
xd_gated_fusion_lr6e4_k2_s42,gated_fusion,xd,42,,0.9280195336134965,0.7707456517215278,800,2313024,2026-05-01T09:35:08,2026-05-01T09:36:42,5029af9e8bc4a536b77e1448582da0dd2a14933e737f74ab554c4c935d9b8a37,,,,,,
xd_gated_fusion_lr6e4_k3_s42,gated_fusion,xd,42,,0.9238576840565232,0.7319883303129322,800,2313024,2026-05-01T09:36:43,2026-05-01T09:38:22,37910ef8237cade51abed04a6a988fd1094bd235c937938f29cc6f191f234e24,,,,,,
xd_gated_fusion_lr6e4_k5_s42,gated_fusion,xd,42,,0.9172627057716348,0.7096855758567215,800,2313024,2026-05-01T09:38:23,2026-05-01T09:40:15,56e87eac2366f2ebc3cec58fa847171665e7a08f03c4d6595dfadd8d4818cea5,,,,,,
xd_gated_fusion_lr6e4_k7_s42,gated_fusion,xd,42,,0.9260122333308517,0.7427678206392194,800,2313024,2026-05-01T09:40:15,2026-05-01T09:42:08,f686aee74f87b86ea280e450645cc5e94ba9e22292b8c7d8cd62c34ebbb1d198,,,,,,
xd_gated_fusion_lr6e4_k9_s42,gated_fusion,xd,42,,0.9244167844891273,0.7357395934649489,800,2313024,2026-05-01T09:42:09,2026-05-01T09:44:02,7b3efd6550a14f480b7aa0cf3829477b9659b3cd2b545395fd900150c53e566c,,,,,,
xd_gated_fusion_lr8e4_k1_s42,gated_fusion,xd,42,,0.9255534489939755,0.7693983254231284,800,2313024,2026-05-01T09:44:02,2026-05-01T09:46:05,a15f5bd5425f0e0d7905cb20d571ffbfc0ae33cfae9e22ff1aab9bb4e1d3f73c,,,,,,
xd_gated_fusion_lr8e4_k2_s42,gated_fusion,xd,42,,0.9267659176929772,0.7621844875918736,800,2313024,2026-05-01T09:46:06,2026-05-01T09:47:30,e91521a45ce22abe5118208e01180e027c2fd41bfe30ced5dec389c42a0f768a,,,,,,
xd_gated_fusion_lr8e4_k3_s42,gated_fusion,xd,42,,0.9196449000972706,0.7145310370008594,800,2313024,2026-05-01T09:47:30,2026-05-01T09:48:56,2764e3687a14a8f5123192c40ad37f4718f55ec20985ac0e8ff725bf790b1851,,,,,,
xd_gated_fusion_lr8e4_k5_s42,gated_fusion,xd,42,,0.918505159586712,0.7081887907960992,800,2313024,2026-05-01T09:48:57,2026-05-01T09:50:56,b1312800331d1b74044272281e22959642d361b13c9060ef8979422a4d3fdd2a,,,,,,
xd_gated_fusion_lr8e4_k7_s42,gated_fusion,xd,42,,0.9212544140782492,0.722348548728258,800,2313024,2026-05-01T09:50:57,2026-05-01T09:52:54,0fc78ee49c63a88ef805557a4e5e3eb079b1bf99acc0cbb37b55d9a6ec83a36d,,,,,,
xd_gated_fusion_lr8e4_k9_s42,gated_fusion,xd,42,,0.9238052928539551,0.7303404772121407,800,2313024,2026-05-01T09:52:54,2026-05-01T09:54:46,a810c3ed600a399de891a7271a75c080843d2b81479d889b18e44846c4bd7ab9,,,,,,
xd_gated_fusion_lr9e4_k1_s42,gated_fusion,xd,42,,0.9217896764593362,0.7482642673536694,800,2313024,2026-05-01T09:54:47,2026-05-01T09:56:23,b729e85b8bfe4940eb9b2abc380128756876a96d48d8fc099d807e3cef79078f,,,,,,
xd_gated_fusion_lr9e4_k2_s42,gated_fusion,xd,42,,0.9196151576802868,0.7397272524353313,800,2313024,2026-05-01T09:56:23,2026-05-01T09:57:56,1549773d7b031eb25555c366e953b691721e1d00debcd6105d839f926a5b3955,,,,,,
xd_gated_fusion_lr9e4_k3_s42,gated_fusion,xd,42,,0.9221630967077176,0.7242341998973039,800,2313024,2026-05-01T09:57:57,2026-05-01T09:59:36,b38bf3168f70785a932c286ac63a7a38ba1c0643c2646f50184cedcee215e2ea,,,,,,
xd_gated_fusion_lr9e4_k5_s42,gated_fusion,xd,42,,0.9187183360434952,0.7254323437642869,800,2313024,2026-05-01T09:59:37,2026-05-01T10:01:30,73820af32fd082c3332e6d6cb568e08dc06b778d48d0b0659de2ea206f8c2a39,,,,,,
xd_gated_fusion_lr9e4_k7_s42,gated_fusion,xd,42,,0.922295121917645,0.7235476536154353,800,2313024,2026-05-01T10:01:31,2026-05-01T10:03:23,1e21a7591cf3ea5aefb9391ad0e9b5d779ea73b77cd0429302a28ab2c2b8baac,,,,,,
xd_gated_fusion_lr9e4_k9_s42,gated_fusion,xd,42,,0.9240118393382527,0.7295582252156256,800,2313024,2026-05-01T10:03:24,2026-05-01T10:05:19,693e2cdb2653a5c7ec0868c92b7e2ed060e85b432962ff26a2bc97b209ca2acb,,,,,,
xd_gated_fusion_lr7e4_k2_s42,gated_fusion,xd,42,,0.9294232144341719,0.776729575488465,800,2313024,2026-05-01T10:05:20,2026-05-01T10:06:55,ad6de993a56c6f99d213ae661de24d074c5e02a8c3b14b2123274c955b8b89d6,,,,,,
xd_gated_fusion_lr7e4_k9_s42,gated_fusion,xd,42,,0.9240268006671226,0.725776444446389,800,2313024,2026-05-01T10:06:56,2026-05-01T10:08:48,90a3ccca9853237469ab97465f0ae046035de93e1f5bb8b17ef63e86fb393c4f,,,,,,
xd_gated_fusion_lr1e3_k2_s42,gated_fusion,xd,42,,0.9304769690996606,0.7768871742400693,800,2313024,2026-05-01T10:08:48,2026-05-01T10:09:58,b56af6b6e6d8d23d76339cb8031bd860255b26632c1c6deb290a17c5677b863b,,,,,,
xd_gated_fusion_lr1e3_k9_s42,gated_fusion,xd,42,,0.9195641008515936,0.7268691619842164,800,2313024,2026-05-01T10:09:59,2026-05-01T10:11:56,259cb2db73ea69c04cd8c0272a9316a0addcb4c91a67bd12dfd64d8f4fd0ed39,,,,,,
xd_gated_fusion_lr1p2e3_k1_s42,gated_fusion,xd,42,,0.9227984824251871,0.7554083953370364,800,2313024,2026-05-02T01:55:25,2026-05-02T01:57:28,eaf877803a7ec77161558711ed6e61586a358fb9448b15f8b74996d6e64c6a9b,,,,,,
xd_gated_fusion_lr1p2e3_k2_s42,gated_fusion,xd,42,,0.9101303132544774,0.7019409721024615,800,2313024,2026-05-02T01:57:29,2026-05-02T01:59:01,d9329538c35c0ddaf6f1edf2831b9ea824dd8f6727198681d2c3b573f2671ce7,,,,,,
xd_gated_fusion_lr1p2e3_k3_s42,gated_fusion,xd,42,,0.9125253730885817,0.7076418225126102,800,2313024,2026-05-02T01:59:01,2026-05-02T02:00:34,3dc2168635041bc1729258283906c75f21eb1c571113b0b8895a64de98a3981c,,,,,,
xd_gated_fusion_lr1p2e3_k5_s42,gated_fusion,xd,42,,0.9180876153512054,0.7064643761678027,800,2313024,2026-05-02T02:00:35,2026-05-02T02:02:37,9176f436a7b5ad9acc6cb4a243e5b50e4aa1231f0b30fc568e00a96e178209c4,,,,,,
xd_gated_fusion_lr1p2e3_k7_s42,gated_fusion,xd,42,,0.9135365070408121,0.6847939871199867,800,2313024,2026-05-02T02:02:37,2026-05-02T02:04:45,fa60b5fdfeb97260d44d10ba3403ab01fcccfb4a50ff4241508c5430d559fcf5,,,,,,
xd_gated_fusion_lr1p2e3_k9_s42,gated_fusion,xd,42,,0.9217185769998644,0.7219195330552526,800,2313024,2026-05-02T02:04:46,2026-05-02T02:06:41,908b9320dfe4df301608dba839540d9f8d583314706272ebfad064f4b3e8ffd6,,,,,,
xd_gated_fusion_lr1p5e3_k1_s42,gated_fusion,xd,42,,0.9077411498102875,0.7008752750087835,800,2313024,2026-05-02T02:06:41,2026-05-02T02:08:17,f695be97c71b8367b3e43cfee8f0badb83f9ef62057d06705af71af84f77fbd7,,,,,,
xd_gated_fusion_lr1p5e3_k2_s42,gated_fusion,xd,42,,0.9283240768893891,0.7642261262930257,800,2313024,2026-05-02T02:08:17,2026-05-02T02:09:54,4c2800d53cbcdc5a6eeebb1eb7a50a0d47062ae9a6a10f596a0708235ac565f0,,,,,,
xd_gated_fusion_lr1p5e3_k3_s42,gated_fusion,xd,42,,0.920776981688113,0.7183549701670796,800,2313024,2026-05-02T02:09:55,2026-05-02T02:11:37,521852e64d6fc9b442530c1cfcbfe06dd312795e4ad2ad1d1dab5e0de6db811d,,,,,,
xd_gated_fusion_lr1p5e3_k5_s42,gated_fusion,xd,42,,0.9142084203176777,0.694682712372798,800,2313024,2026-05-02T02:11:37,2026-05-02T02:13:32,0fbf2ba675f7db7a4d0d6422bf3119e78d8e2c7b579454f1cf3ba6d2ed11406b,,,,,,
xd_gated_fusion_lr1p5e3_k7_s42,gated_fusion,xd,42,,0.906389384620416,0.652082321129531,800,2313024,2026-05-02T02:13:32,2026-05-02T02:15:41,4f04f93940810773e0a96a09d9ddb7b4e3ef0c45f2f207030918dca4124da330,,,,,,
xd_gated_fusion_lr1p5e3_k9_s42,gated_fusion,xd,42,,0.9159778943692283,0.7001470653333,800,2313024,2026-05-02T02:15:41,2026-05-02T02:18:18,d93c40e8a35e565fa8782a4924ef20933789a7497fe2c9be98b74a8260a0360e,,,,,,
xd_gated_fusion_lr2e3_k1_s42,gated_fusion,xd,42,,0.9125523691223738,0.7130415488336013,800,2313024,2026-05-02T02:18:19,2026-05-02T02:19:54,8e758cdd9d481d2bd842634fa3315180a693fb187a3233dd9c6ec43a08d29569,,,,,,
xd_gated_fusion_lr2e3_k2_s42,gated_fusion,xd,42,,0.9156045110372226,0.7306696957363011,800,2313024,2026-05-02T02:19:55,2026-05-02T02:21:42,8a6251aabdeb21cf554dda6bd94a3be3d5471343edc1e6f82b550f57323fc677,,,,,,
xd_gated_fusion_lr2e3_k3_s42,gated_fusion,xd,42,,0.9123774794905332,0.7066614729246349,800,2313024,2026-05-02T02:21:42,2026-05-02T02:23:18,05b2322d3ae53a8d35b14ec1b6360276004017fcf08d5460e2e64e101130d3af,,,,,,
xd_gated_fusion_lr2e3_k5_s42,gated_fusion,xd,42,,0.9236002606477678,0.7273983281872768,800,2313024,2026-05-02T02:23:19,2026-05-02T02:25:13,8ed2738c897f02d163c6de98d6456ad29f0384a95345aecdf80359a19d71eb9e,,,,,,
xd_gated_fusion_lr2e3_k7_s42,gated_fusion,xd,42,,0.9129716555281493,0.6734522305581764,800,2313024,2026-05-02T02:25:13,2026-05-02T02:27:40,0efa4ec37724d951313e29698921f7b7696b7cf71404fe7796b3478576181d30,,,,,,
xd_gated_fusion_lr2e3_k9_s42,gated_fusion,xd,42,,0.9170079197805052,0.6915999190196594,800,2313024,2026-05-02T02:27:40,2026-05-02T02:30:17,968be1e244b326ac1b9493338c4241798da25de4f6e123d079f7e5d6cdabd501,,,,,,
xd_gated_fusion_lr6p5e4_k1_s42,gated_fusion,xd,42,,0.9275152068526237,0.7716648861006843,800,2313024,2026-05-02T02:30:17,2026-05-02T02:31:56,1a94fb5ccf6a2ee51a5cec5c9ef7f0b37000610e3aeb4e9f3bd9a09869270d24,,,,,,
xd_gated_fusion_lr6p5e4_k2_s42,gated_fusion,xd,42,,0.9098751549026364,0.6892320707951967,800,2313024,2026-05-02T02:31:56,2026-05-02T02:33:24,023d8e3447ffe4fea5d05be21acc6fcbaa74ad788a5e44ab6a8a8e3744c746af,,,,,,
xd_gated_fusion_lr6p5e4_k3_s42,gated_fusion,xd,42,,0.9170364427792571,0.7142581273395212,800,2313024,2026-05-02T02:33:24,2026-05-02T02:35:07,a7692e7ed06584fd6801e2ddd7fa65b7284e1f0977f26014ac795caafcec13c0,,,,,,
xd_gated_fusion_lr7p5e4_k1_s42,gated_fusion,xd,42,,0.9237675785188836,0.7599875523221064,800,2313024,2026-05-02T02:35:08,2026-05-02T02:36:46,fb3d1a93d7d84d1fe90774330e6b7a20568dfb2af4c31a2d23838fd8bea2f857,,,,,,
xd_gated_fusion_lr7p5e4_k2_s42,gated_fusion,xd,42,,0.9249952425636002,0.7551234721115901,800,2313024,2026-05-02T02:36:47,2026-05-02T02:37:58,3ff5bb2ecd60aee6a32e099ce5f614f6f204313da415927d36ee952b5c3681e8,,,,,,
xd_gated_fusion_lr7p5e4_k3_s42,gated_fusion,xd,42,,0.9174940295381274,0.6971662689972868,800,2313024,2026-05-02T02:37:59,2026-05-02T02:39:39,259f43051f0903846f1d8f404268a814ae81950c18ef623d41d2ac4e8e2e7912,,,,,,
xd_gated_fusion_lr8p5e4_k1_s42,gated_fusion,xd,42,,0.9228230847836606,0.7521712385433316,800,2313024,2026-05-02T02:39:40,2026-05-02T02:41:17,628f24ac6be8fe01326f6c36af4bd63da12857ffb0c0fbe20235df6cca56a0c5,,,,,,
xd_gated_fusion_lr8p5e4_k2_s42,gated_fusion,xd,42,,0.9298367458562425,0.7749286495682001,800,2313024,2026-05-02T02:41:17,2026-05-02T02:42:54,9e3a67378b882d55d291f437f7b55587475a3b64149ce99619808ce81b9eb0ed,,,,,,
xd_gated_fusion_lr8p5e4_k3_s42,gated_fusion,xd,42,,0.9164804085932485,0.6916326369023762,800,2313024,2026-05-02T02:42:54,2026-05-02T02:44:49,0f49b907fbfb01a08ae644314f97cbc494d206c1ddc971d9e15f4f5ace178e10,,,,,,
xd_gated_fusion_lr1p1e3_k1_s42,gated_fusion,xd,42,,0.9138161501033141,0.7093700859216278,800,2313024,2026-05-02T02:44:50,2026-05-02T02:46:27,37af1fad8180f547c8020e7f1b404d7326a4551458e46c9cc48e5cb637e8765a,,,,,,
xd_gated_fusion_lr1p1e3_k2_s42,gated_fusion,xd,42,,0.9298865898961718,0.774192581256935,800,2313024,2026-05-02T02:46:27,2026-05-02T02:47:38,14fb98a00d45e7c9c59e8f8c0e19e48cda7b2919f4b25f8202c3b86b168c61cc,,,,,,
xd_gated_fusion_lr1p1e3_k3_s42,gated_fusion,xd,42,,0.9166039611078856,0.725560726728163,800,2313024,2026-05-02T02:47:38,2026-05-02T02:48:45,551c3dd4fa93bea93dea566679bd77016b83ac939f93ffa88a1370220eb60487,,,,,,
xd_gated_fusion_lr1p3e3_k1_s42,gated_fusion,xd,42,,0.9212986814570588,0.7362201671993135,800,2313024,2026-05-02T02:48:46,2026-05-02T02:50:23,c9875ee2a2e4bb64175dd5e0c2aaaf5086fac1a69bce1a30c10d03f9ae907f21,,,,,,
xd_gated_fusion_lr1p3e3_k2_s42,gated_fusion,xd,42,,0.9285560546848399,0.7637759773245212,800,2313024,2026-05-02T02:50:24,2026-05-02T02:52:00,ffeea3d16b085f967c37617d80f71f8b6345fa6ca39ba86719a7f11590ec65c0,,,,,,
xd_gated_fusion_lr1p3e3_k3_s42,gated_fusion,xd,42,,0.9240491370264221,0.7349587451704462,800,2313024,2026-05-02T02:52:01,2026-05-02T02:53:46,56940e6964ac2613a6c2989df123d3ff4832c2d24bbe3abc586671f6d95e81e5,,,,,,
xd_gated_fusion_lr1e3_k2_s123,gated_fusion,xd,123,,0.9228129892821721,0.749261546201434,800,2313024,2026-05-02T03:28:33,2026-05-02T03:29:53,e3d4775027db0be8de9c3b8b8a60180605e5279543266249b43f3cbff93ef05f,,,,,,
xd_gated_fusion_lr1e3_k2_s2024,gated_fusion,xd,2024,,0.9137825562348114,0.7146542269252476,800,2313024,2026-05-02T03:29:54,2026-05-02T03:31:34,a68833db3aff4cf93391c79f0a63da69d39dba4ef17eb1ad24f1d67cc6c76845,,,,,,
xd_gated_fusion_lr7e4_k2_s123,gated_fusion,xd,123,,0.9196640444856533,0.7394755774640654,800,2313024,2026-05-02T03:31:34,2026-05-02T03:33:19,e6f362c209b85bdedc0febb6fbd2bac9c0af83b731c26b9cef0218744353ccca,,,,,,
xd_gated_fusion_lr7e4_k2_s2024,gated_fusion,xd,2024,,0.916692009188541,0.7147945915381942,800,2313024,2026-05-02T03:33:19,2026-05-02T03:34:59,c98c5ca29f1682082b8e49f1e8968975a4ff27fac778120cfda153637c23f86c,,,,,,
ucf_gated_fusion_lr5e5_k1_s42,gated_fusion,ucf,42,,0.8191240518559131,0.23040301686264925,254,1010560,2026-05-02T04:02:49,2026-05-02T04:04:12,4548c24cabaf0d553a195870bbecbcb8807568298a510e8b8ae266eac1785bf5,,,,,,
ucf_gated_fusion_lr5e5_k3_s42,gated_fusion,ucf,42,,0.8219210322931075,0.23323096425147133,254,1010560,2026-05-02T04:04:12,2026-05-02T04:05:38,0e913e33d4c352325794d9c77aaec780216859f61075eea5152b333f5685f74b,,,,,,
ucf_gated_fusion_lr5e5_k5_s42,gated_fusion,ucf,42,,0.820804772647593,0.22666406719320015,254,1010560,2026-05-02T04:05:38,2026-05-02T04:07:02,b5547f447a91adb4c9cd147bad76b4d4f5426f36bb7eb113751bbf6d3957ebe1,,,,,,
ucf_gated_fusion_lr5e5_k7_s42,gated_fusion,ucf,42,,0.8190351141753999,0.22711955546436927,254,1010560,2026-05-02T04:07:03,2026-05-02T04:08:02,221cb00bec42e0e0b0677a607c54753b0e84c6e68b369d707914d5d7af71a5bf,,,,,,
ucf_gated_fusion_lr1e4_k1_s42,gated_fusion,ucf,42,,0.8218896792938325,0.22802773382065564,254,1010560,2026-05-02T04:08:03,2026-05-02T04:09:29,5706434fc93a0014cfaa6feb13f93ca4261db1c7e4e596b3439d530524fb6042,,,,,,
ucf_gated_fusion_lr1e4_k3_s42,gated_fusion,ucf,42,,0.8225578348369171,0.22635709422947753,254,1010560,2026-05-02T04:09:30,2026-05-02T04:10:50,3ba20428bf2e48418a2971d36ed21ae12df44fcf4960e16a4b6e04fee02417c7,,,,,,
ucf_gated_fusion_lr1e4_k5_s42,gated_fusion,ucf,42,,0.813016941237761,0.21489242288533122,254,1010560,2026-05-02T04:10:50,2026-05-02T04:12:18,8272a8a76fa9e3747b25599429a1dc136ca8c739af9ce427de9938cb87734bc2,,,,,,
ucf_gated_fusion_lr1e4_k7_s42,gated_fusion,ucf,42,,0.8170537180313712,0.22294263801156522,254,1010560,2026-05-02T04:12:19,2026-05-02T04:13:44,4e5c66bebead65da212f0483ead7f823ca54a9cef109cb3fb4f18a6d601aaf58,,,,,,
ucf_gated_fusion_lr2e4_k1_s42,gated_fusion,ucf,42,,0.8044414628341743,0.20647051722911683,254,1010560,2026-05-02T04:13:45,2026-05-02T04:15:23,825205fec79752cb5910aa403fa2d72ec0676253952474aa0825275b98c0af32,,,,,,
ucf_gated_fusion_lr2e4_k3_s42,gated_fusion,ucf,42,,0.8132375374044075,0.2153695718731987,254,1010560,2026-05-02T04:15:23,2026-05-02T04:17:06,c1b7c203f3c1c98c289e846eb02b4eee426ddf97318a5a1b3e56d81ffd418fdc,,,,,,
ucf_gated_fusion_lr2e4_k5_s42,gated_fusion,ucf,42,,0.8167916333900357,0.23695839971477572,254,1010560,2026-05-02T04:17:06,2026-05-02T04:18:34,1c2c1ec5d7f137e9377d01d69db6faed5a5a649475ec18893cab0b1df5a8f680,,,,,,
ucf_gated_fusion_lr2e4_k7_s42,gated_fusion,ucf,42,,0.8167576728499492,0.23471032226736427,254,1010560,2026-05-02T04:18:34,2026-05-02T04:20:03,b7b4f3cee24aff9a0a2cc1450a0a9ab22c1dccbd8f51a837abf25a0495ad87d9,,,,,,
ucf_gated_fusion_lr3e4_k1_s42,gated_fusion,ucf,42,,0.8055496319592264,0.20217907174747993,254,1010560,2026-05-02T04:20:04,2026-05-02T04:21:30,90a188a203458a915b9587ba48533329cc3ec98e1925e2f49c30b8f37283d32e,,,,,,
ucf_gated_fusion_lr3e4_k3_s42,gated_fusion,ucf,42,,0.8034565714519287,0.1986680309602929,254,1010560,2026-05-02T04:21:30,2026-05-02T04:22:58,b573867f886ae5a4be33944416db5eb7887cbef791031a82020599a56645ee66,,,,,,
ucf_gated_fusion_lr3e4_k5_s42,gated_fusion,ucf,42,,0.8186459163844823,0.2053762514668604,254,1010560,2026-05-02T04:22:59,2026-05-02T04:24:22,277a05702e5ac5b802a61033d37cf95407bcfc1b8a56185ec09d35983e236d74,,,,,,
ucf_gated_fusion_lr3e4_k7_s42,gated_fusion,ucf,42,,0.8150396338628915,0.23624756495169957,254,1010560,2026-05-02T04:24:22,2026-05-02T04:25:50,321cf95c58fa6b5ba4e1afc142b89a584289e609f79b8c285fe9f51ba5f5a91d,,,,,,
ucf_gated_fusion_lr5e4_k1_s42,gated_fusion,ucf,42,,0.8199217360958042,0.23749148912914256,254,1010560,2026-05-02T04:25:51,2026-05-02T04:27:04,c234c5782288d3d417fd929678674aef0222575776d874117c941cd59ff8c355,,,,,,
ucf_gated_fusion_lr5e4_k3_s42,gated_fusion,ucf,42,,0.8166997979458471,0.2257706103111985,254,1010560,2026-05-02T04:27:04,2026-05-02T04:28:17,b44de5eaf973e2dacbab3bc3fd1d644c8b19994e7f74d86a79de03f2c7d2a554,,,,,,
ucf_gated_fusion_lr5e4_k5_s42,gated_fusion,ucf,42,,0.8108220169700724,0.20524494063420579,254,1010560,2026-05-02T04:28:18,2026-05-02T04:29:37,ffcccb96ae310fcdb204e9f352e8a85ccc7738f7a6cb3630f5026cc20da5a1ed,,,,,,
ucf_gated_fusion_lr5e4_k7_s42,gated_fusion,ucf,42,,0.8234214755714386,0.24356797460676194,254,1010560,2026-05-02T04:29:38,2026-05-02T04:31:00,0970524f6e14327133068485b69346c0e3fca7a7867f129758132826eb4acdbe,,,,,,
ucf_gated_fusion_lr7e4_k1_s42,gated_fusion,ucf,42,,0.8252334217474393,0.24778626299852877,254,1010560,2026-05-02T04:31:10,2026-05-02T04:32:14,d76a94a9a9475066b27a1f0912576e5e2344c2a9c711cb3f2e5d6ceba2829524,,,,,,
ucf_gated_fusion_lr7e4_k3_s42,gated_fusion,ucf,42,,0.7877385744096932,0.16972645099322542,254,1010560,2026-05-02T04:32:15,2026-05-02T04:33:41,2d8a73063df49162c3fab8f0a3597d5b139caf2b3bef4a6b33ece60a47dd224d,,,,,,
ucf_gated_fusion_lr7e4_k5_s42,gated_fusion,ucf,42,,0.8118083237469019,0.20008566383471715,254,1010560,2026-05-02T04:33:41,2026-05-02T04:35:07,3f2caf492ca6e630263a3c530fdeaa47d7cdf6b19b16cf4d4312d9369bfa1096,,,,,,
ucf_gated_fusion_lr7e4_k7_s42,gated_fusion,ucf,42,,0.8098609327926313,0.21361027319675155,254,1010560,2026-05-02T04:35:08,2026-05-02T04:36:37,2cc38e29b3be13196697f8401404764f0616b5c4715e928381c6572a68243372,,,,,,
ucf_gated_fusion_lr1e3_k1_s42,gated_fusion,ucf,42,,0.827233860976331,0.2585593412110292,254,1010560,2026-05-02T04:36:38,2026-05-02T04:37:51,ec84542a6ec6d77b8a36974caf639208a73256c408eb4feb28232a03fe8d2ac9,,,,,,
ucf_gated_fusion_lr1e3_k3_s42,gated_fusion,ucf,42,,0.8032980651183669,0.18682754073310953,254,1010560,2026-05-02T04:37:51,2026-05-02T04:38:51,035a03ae835e32288d077a1d0c97130636c2dd806b42711ba9a217fa32fe7b6c,,,,,,
ucf_gated_fusion_lr1e3_k5_s42,gated_fusion,ucf,42,,0.8106007242685518,0.21790947427355173,254,1010560,2026-05-02T04:38:51,2026-05-02T04:40:16,e169234899245f3b622f9c8f8ee37544517399150a8a8b42a322e0d34de8f5f6,,,,,,
ucf_gated_fusion_lr1e3_k7_s42,gated_fusion,ucf,42,,0.8120703771334674,0.2163607463038614,254,1010560,2026-05-02T04:40:16,2026-05-02T04:41:29,c5dd2b324f43c8a4bcca7b31276b666f06cc24085d960eda4974d4aafd31f086,,,,,,
ucf_gated_fusion_lr5e5_k2_s42,gated_fusion,ucf,42,,0.8211415561892238,0.2329898783300503,254,1010560,2026-05-02T04:41:29,2026-05-02T04:42:55,8ab43dd1b64c0c88aefedcadbf67552cddb60bab06ec8fdf6de467b798d14ad2,,,,,,
ucf_gated_fusion_lr5e5_k9_s42,gated_fusion,ucf,42,,0.8187835802514225,0.22635369238013073,254,1010560,2026-05-02T04:42:56,2026-05-02T04:44:22,e6ed57f2529a16e0e582534338fac8155dc568c85049bfca90d6a7c746dabf38,,,,,,
ucf_gated_fusion_lr1e4_k2_s42,gated_fusion,ucf,42,,0.8199120828368419,0.2242699986966759,254,1010560,2026-05-02T04:44:23,2026-05-02T04:45:49,3754ca4ab58fac2c2dec0bf158ff03e11110a36a4b9547b24367f56b09b100a1,,,,,,
ucf_gated_fusion_lr1e4_k9_s42,gated_fusion,ucf,42,,0.816626831452803,0.2238663022686086,254,1010560,2026-05-02T04:45:50,2026-05-02T04:47:09,8e4e456e0f96e6f3a21f0094bfef4d9a5fd04f4878924391adf1b74580de6cc4,,,,,,
ucf_gated_fusion_lr2e4_k2_s42,gated_fusion,ucf,42,,0.8093881820715744,0.204857535032695,254,1010560,2026-05-02T04:47:10,2026-05-02T04:48:29,c05ba09a7e864fd7fb206e3d2cfa7a18503c86853b9b57d9390f75cb2dad680b,,,,,,
ucf_gated_fusion_lr2e4_k9_s42,gated_fusion,ucf,42,,0.8174334322320779,0.20991117698576822,254,1010560,2026-05-02T04:48:30,2026-05-02T04:49:32,21b66566cb0887175a9d367ef7e1c4315b3a4a540bd74b869fc34e8f499340e1,,,,,,
ucf_gated_fusion_lr3e4_k2_s42,gated_fusion,ucf,42,,0.8042359314666667,0.1943331453577608,254,1010560,2026-05-02T04:49:32,2026-05-02T04:50:59,7d92422f0b1a6ca0769c12535383692b374194dac8549dda900d811a323774d9,,,,,,
ucf_gated_fusion_lr3e4_k9_s42,gated_fusion,ucf,42,,0.8052143218567525,0.19999549434732566,254,1010560,2026-05-02T04:50:59,2026-05-02T04:52:26,6440cb73d650c9910bff0bb145a037d372270e38375adcab6f3435fd96ff9de5,,,,,,
ucf_gated_fusion_lr5e4_k2_s42,gated_fusion,ucf,42,,0.7997885027150189,0.18185492708079087,254,1010560,2026-05-02T04:52:27,2026-05-02T04:53:54,10a76fcf608d6f21884ba1a9f13bd4b2ab29ecd703e5103fe945fe3228c81137,,,,,,
ucf_gated_fusion_lr5e4_k9_s42,gated_fusion,ucf,42,,0.8253534847139035,0.2509628297243925,254,1010560,2026-05-02T04:53:55,2026-05-02T04:55:05,32f768e345feca0697aa7fb9ce0cabd637648a01b62081cffb7c02398c173cbd,,,,,,
ucf_gated_fusion_lr4e4_k1_s42,gated_fusion,ucf,42,,0.7902834181523462,0.17148269673678712,254,1010560,2026-05-02T04:55:05,2026-05-02T04:56:19,1b37340933a5ef4d39f1cf27c3f118c585f17ee5470465b0faf13cd4f47fbc6a,,,,,,
ucf_gated_fusion_lr4e4_k2_s42,gated_fusion,ucf,42,,0.8022777576167464,0.18203614348395522,254,1010560,2026-05-02T04:56:20,2026-05-02T04:57:48,64152649c82e3ba45d53d4e8615a363b6df7e33c1cb8f7dc9670d5ecaa666a4f,,,,,,
ucf_gated_fusion_lr4e4_k3_s42,gated_fusion,ucf,42,,0.805282850172457,0.19209933887450134,254,1010560,2026-05-02T04:57:48,2026-05-02T04:58:49,62491a1adf9375210ffa4aa9a541d1e986b15a59d577a08c228bc8c897403d55,,,,,,
ucf_gated_fusion_lr4e4_k5_s42,gated_fusion,ucf,42,,0.8127458105729948,0.21711566442500033,254,1010560,2026-05-02T04:58:49,2026-05-02T04:59:44,ec4ec2c2801a282661e47bbee9918e2c897904eb03763694790328e085899918,,,,,,
ucf_gated_fusion_lr4e4_k7_s42,gated_fusion,ucf,42,,0.818223253664831,0.22076803947007448,254,1010560,2026-05-02T04:59:44,2026-05-02T05:00:38,cb1218bd6b2e4f3fb3804d01896566a21de873a235f3aa652e82e0e2f20e3326,,,,,,
ucf_gated_fusion_lr4e4_k9_s42,gated_fusion,ucf,42,,0.8232696934783936,0.270453780811044,254,1010560,2026-05-02T05:00:38,2026-05-02T05:02:06,998cdd2d2bfd6f5ab4b21f2505139915100f0384e2e67da702fef0a8f3324fc0,,,,,,
ucf_gated_fusion_lr6e4_k1_s42,gated_fusion,ucf,42,,0.809864058269631,0.2135059678216181,254,1010560,2026-05-02T05:02:06,2026-05-02T05:02:53,e9a7b28cc5c632e2f4b5bbd6c9a118403a2219d03b95281b962aa59b0cd92ede,,,,,,
ucf_gated_fusion_lr6e4_k2_s42,gated_fusion,ucf,42,,0.7935279936857162,0.18146711984623037,254,1010560,2026-05-02T05:02:53,2026-05-02T05:04:25,4083cc1db9c1628dd7bdea5cd891cb750ac78e8f6ff48892c8e99ee291a30f1c,,,,,,
ucf_gated_fusion_lr6e4_k3_s42,gated_fusion,ucf,42,,0.8227477566792941,0.22182134569770118,254,1010560,2026-05-02T05:04:26,2026-05-02T05:05:21,46f5393dc5a491c7d95097e372c18ed8621bf35aa3f09526761e2b583ccb7be5,,,,,,
ucf_gated_fusion_lr6e4_k5_s42,gated_fusion,ucf,42,,0.8180201021248106,0.22068139801842804,254,1010560,2026-05-02T05:05:22,2026-05-02T05:06:51,cd00d881a465ec3fae2b7df7eb8d0f07ac4ff42284a68e0e9661f6b46ce158a7,,,,,,
ucf_gated_fusion_lr6e4_k7_s42,gated_fusion,ucf,42,,0.8165023035191963,0.20502298399797655,254,1010560,2026-05-02T05:06:52,2026-05-02T05:08:13,8b1e136ba7e0592a8b722e86b2644c286aacb3c9175451c373ecdd3912aa82df,,,,,,
ucf_gated_fusion_lr6e4_k9_s42,gated_fusion,ucf,42,,0.8109782015207199,0.24260643751096692,254,1010560,2026-05-02T05:08:13,2026-05-02T05:09:08,81552df5bafefaf867c6b375fbb90eb82bb870f239365d1ef383533475665dac,,,,,,
ucf_gated_fusion_lr8e4_k1_s42,gated_fusion,ucf,42,,0.8077700333294304,0.2044468286420418,254,1010560,2026-05-02T05:09:09,2026-05-02T05:10:26,ab32bdfe60f67a98fe0b676aae006e49cfe587892ec27606a671afd3099bd2b6,,,,,,
ucf_gated_fusion_lr8e4_k2_s42,gated_fusion,ucf,42,,0.8155385046417324,0.2004117147718034,254,1010560,2026-05-02T05:10:26,2026-05-02T05:11:37,ac14af30a5e396687e0d64870bb75926f294ea764753c53c3bb01e91f4e0e623,,,,,,
ucf_gated_fusion_lr8e4_k3_s42,gated_fusion,ucf,42,,0.8152186343956377,0.21060943343306202,254,1010560,2026-05-02T05:11:38,2026-05-02T05:12:42,46f7816e61b178aa8bcf11e90f27b06659c5ccc63932a64eb08a85e680088933,,,,,,
ucf_gated_fusion_lr8e4_k5_s42,gated_fusion,ucf,42,,0.8195736561873027,0.24172068588528375,254,1010560,2026-05-02T05:12:42,2026-05-02T05:13:55,4e921a7115791dcb3062a9a9e0166b76c110339a9b4752fbcad8efc1845a6f1d,,,,,,
ucf_gated_fusion_lr8e4_k7_s42,gated_fusion,ucf,42,,0.8076921375126609,0.20282178111994476,254,1010560,2026-05-02T05:13:56,2026-05-02T05:15:18,8cafc0c296fc7f5a0e008072962251884ff12874a00a9f40c6e2aef58ac23697,,,,,,
ucf_gated_fusion_lr8e4_k9_s42,gated_fusion,ucf,42,,0.8062141976687286,0.2415744915134578,254,1010560,2026-05-02T05:15:18,2026-05-02T05:16:24,4ded3b3c124a670fa415dd61778aa9d3a73831842a7d2c7353cd2f7c201aa0c4,,,,,,
ucf_gated_fusion_lr9e4_k1_s42,gated_fusion,ucf,42,,0.8164604801719716,0.19733511598073278,254,1010560,2026-05-02T05:16:25,2026-05-02T05:17:18,5a86428a3fbc9322fadcd60e84d2896cb5d347833ed0243ff382540a40b39862,,,,,,
ucf_gated_fusion_lr9e4_k2_s42,gated_fusion,ucf,42,,0.7789073873378506,0.15893004941247513,254,1010560,2026-05-02T05:17:19,2026-05-02T05:18:42,1f4a58da1727278d537f273a60bcd27a3e9c33da6e3df78e8b19246f38cecbad,,,,,,
ucf_gated_fusion_lr9e4_k3_s42,gated_fusion,ucf,42,,0.8160146755276204,0.24285211183304173,254,1010560,2026-05-02T05:18:42,2026-05-02T05:19:58,29264bf823e96ee454fe4969fd042b59a044f8166de98635754da11700bdacc9,,,,,,
ucf_gated_fusion_lr9e4_k5_s42,gated_fusion,ucf,42,,0.8209798975888595,0.22699346223297523,254,1010560,2026-05-02T05:19:59,2026-05-02T05:21:15,0b641a3364dbf94d2ab6e514c196798c78f869e916d52764a45131ab6193a347,,,,,,
ucf_gated_fusion_lr9e4_k7_s42,gated_fusion,ucf,42,,0.8111606445431331,0.2117775870047838,254,1010560,2026-05-02T05:21:16,2026-05-02T05:22:42,26b403bcc3fe202ef46484752fa55f434ac031c964bdc908dfeae67764063d23,,,,,,
ucf_gated_fusion_lr9e4_k9_s42,gated_fusion,ucf,42,,0.8209886935741303,0.23307621722892444,254,1010560,2026-05-02T05:22:42,2026-05-02T05:23:59,a6c1c19f7b8fe6bb43a4fbf6e48b06ac7c90be45af2e9ab82a0ee23e9feec508,,,,,,
ucf_gated_fusion_lr7e4_k2_s42,gated_fusion,ucf,42,,0.7964347944547496,0.18409956360793034,254,1010560,2026-05-02T05:24:00,2026-05-02T05:25:28,98fe2fe8904f7de9b70fd9b751b2aa2e8c31edc2252b5e9c935fb2ef70014e72,,,,,,
ucf_gated_fusion_lr7e4_k9_s42,gated_fusion,ucf,42,,0.802566274863566,0.19742071317305002,254,1010560,2026-05-02T05:25:28,2026-05-02T05:26:55,1c1bfb8c4e2c0c01eeb30b1f6b37c1fa6d00624e38499e466bb019ccf24e7fdd,,,,,,
ucf_gated_fusion_lr1e3_k2_s42,gated_fusion,ucf,42,,0.8172722424532635,0.2024457036928558,254,1010560,2026-05-02T05:26:56,2026-05-02T05:28:17,6abca19e9c87bdd7288f2672304171e803d9a8205871154ea0f36c48bcbfd339,,,,,,
ucf_gated_fusion_lr1e3_k9_s42,gated_fusion,ucf,42,,0.8244205030396575,0.23843803841993688,254,1010560,2026-05-02T05:28:18,2026-05-02T05:29:46,ff0f53536242532e75c311e3611a71c26ccb2578e08d174de277f9788780d47c,,,,,,
ucf_gated_fusion_lr1p2e3_k1_s42,gated_fusion,ucf,42,,0.8239997245361405,0.22853440447305945,254,1010560,2026-05-02T05:30:14,2026-05-02T05:31:07,e9af2ad140e97c75b3f328e6c289af8c35ee36afc8a590668432ba2425f9ef19,,,,,,
ucf_gated_fusion_lr1p2e3_k2_s42,gated_fusion,ucf,42,,0.8197677661688594,0.27161707100523586,254,1010560,2026-05-02T05:31:07,2026-05-02T05:32:27,2f5a73331123838e2275c84d3676915b2ffec1bb6084aa7597679797c602b545,,,,,,
ucf_gated_fusion_lr1p2e3_k3_s42,gated_fusion,ucf,42,,0.811681844622654,0.22956743128440696,254,1010560,2026-05-02T05:32:27,2026-05-02T05:33:13,683cb5d845c42a3cefdf5f83e0fb5ed293107a94d88e4991af5831a65bd1b41e,,,,,,
ucf_gated_fusion_lr1p2e3_k5_s42,gated_fusion,ucf,42,,0.8171229786016869,0.2461264675914997,254,1010560,2026-05-02T05:33:14,2026-05-02T05:34:38,c1c88edd54675244880950926467a189a25a8dd748ed7c6906ae045a79712d33,,,,,,
ucf_gated_fusion_lr1p2e3_k7_s42,gated_fusion,ucf,42,,0.8029886920100245,0.184795267785619,254,1010560,2026-05-02T05:34:38,2026-05-02T05:36:10,fbe90f793a3b85ea648cccd6a501ba0b894df8196643a9b2ca46408702117531,,,,,,
ucf_gated_fusion_lr1p2e3_k9_s42,gated_fusion,ucf,42,,0.8142114449674821,0.19615912104215588,254,1010560,2026-05-02T05:36:10,2026-05-02T05:37:39,4200795241bec3f06994ba6b8f2d3a0816124bea863995e1727fa19bdc540341,,,,,,
ucf_gated_fusion_lr1p5e3_k1_s42,gated_fusion,ucf,42,,0.8186119290545929,0.24083636892962543,254,1010560,2026-05-02T05:37:39,2026-05-02T05:38:49,5d3e05b025536293d9ea66d60b7a207cd99588ae1d2991f8155afbe4fcf62243,,,,,,
ucf_gated_fusion_lr1p5e3_k2_s42,gated_fusion,ucf,42,,0.7986886294989175,0.1871086945346899,254,1010560,2026-05-02T05:38:50,2026-05-02T05:40:02,4f48e4683a080791da76754d1d263149e3868f65566bcb54dc34fe1dc577c3ec,,,,,,
ucf_gated_fusion_lr1p5e3_k3_s42,gated_fusion,ucf,42,,0.8135993872715767,0.20171506767752645,254,1010560,2026-05-02T05:40:03,2026-05-02T05:41:26,712d7a0c57c48dbc422c4e1489ba263173b80f77812eaff28edc0d1b1adbbc1e,,,,,,
ucf_gated_fusion_lr1p5e3_k5_s42,gated_fusion,ucf,42,,0.8006448923429008,0.18932505693362406,254,1010560,2026-05-02T05:41:27,2026-05-02T05:42:54,4eaaf58d812ac0109f727e9b857f23d0c1431e13af46dbff0df13491e35c8ab6,,,,,,
ucf_gated_fusion_lr1p5e3_k7_s42,gated_fusion,ucf,42,,0.8075500667231511,0.2061415081741123,254,1010560,2026-05-02T05:42:55,2026-05-02T05:44:25,e2f7dc5411176ec4a60ef95124f6042a073e9151887424e064696813af7a8356,,,,,,
ucf_gated_fusion_lr1p5e3_k9_s42,gated_fusion,ucf,42,,0.8276263360531314,0.23732489621051014,254,1010560,2026-05-02T05:44:26,2026-05-02T05:45:51,17d5d490577323daf210673a014fb543fbb53d4929fba0e21c1261b653825f7a,,,,,,
ucf_gated_fusion_lr2e3_k1_s42,gated_fusion,ucf,42,,0.8148890573109749,0.22384558456862547,254,1010560,2026-05-02T05:45:52,2026-05-02T05:46:42,d25a5486e95f4f49ce3826d23597c45d2971e068412b954e0d60da2f03116756,,,,,,
ucf_gated_fusion_lr2e3_k2_s42,gated_fusion,ucf,42,,0.804664228974852,0.20583072335513378,254,1010560,2026-05-02T05:46:43,2026-05-02T05:47:32,038444f7a87f516c5a22745f85815d33f0315d73af63ac715dd2512eb29165f7,,,,,,
ucf_gated_fusion_lr2e3_k3_s42,gated_fusion,ucf,42,,0.8152060967679011,0.24265272555973502,254,1010560,2026-05-02T05:47:33,2026-05-02T05:48:23,416e7c0bd88a0ee6d00064ba67c1db1e9da8b8c022c8496fc45687a2cd5cc06f,,,,,,
ucf_gated_fusion_lr2e3_k5_s42,gated_fusion,ucf,42,,0.8169958788470061,0.2333069009996778,254,1010560,2026-05-02T05:48:24,2026-05-02T05:49:15,6650f74b2181283351003861cc2c2330bd16dbe6c9d58f202dff684ebe5519d6,,,,,,
ucf_gated_fusion_lr2e3_k7_s42,gated_fusion,ucf,42,,0.8095681247123876,0.23348863786363017,254,1010560,2026-05-02T05:49:15,2026-05-02T05:50:16,88c614c56f053d248114d5e970232f2274a55eb8eaea746d2cc0afac4502b377,,,,,,
ucf_gated_fusion_lr2e3_k9_s42,gated_fusion,ucf,42,,0.8166779865813555,0.23519452107619307,254,1010560,2026-05-02T05:50:16,2026-05-02T05:51:49,1db858ba38663b63f4ab5142c20197e6ffc2833752edc3c97e7fad4dc4629b13,,,,,,
ucf_gated_fusion_lr6p5e4_k1_s42,gated_fusion,ucf,42,,0.8052011948533534,0.18975488651940808,254,1010560,2026-05-02T05:51:49,2026-05-02T05:53:10,ff46ffe2bc3f23de10a66ae4a14f87cd4ad5a9038ea1bd29d2bc5a8afd25f56b,,,,,,
ucf_gated_fusion_lr6p5e4_k2_s42,gated_fusion,ucf,42,,0.7899832473412844,0.17555429574355524,254,1010560,2026-05-02T05:53:11,2026-05-02T05:54:31,3c28187c6b321ab4fded7c27f1523cd6a3b739523e1154016ebecfe94899f63f,,,,,,
ucf_gated_fusion_lr6p5e4_k3_s42,gated_fusion,ucf,42,,0.8093917986949599,0.21543855101771867,254,1010560,2026-05-02T05:54:32,2026-05-02T05:55:40,60d6392e9d101e5e5af0b110684cccc3f04d0964c73261abadb78dcebd61b8ef,,,,,,
ucf_gated_fusion_lr7p5e4_k1_s42,gated_fusion,ucf,42,,0.8264639399021325,0.23564848296774682,254,1010560,2026-05-02T05:55:41,2026-05-02T05:56:55,b73f8a85b3cc7ddec8064c9ef02e65fa94bd0104669c0fd40ffa09630efbb1c3,,,,,,
ucf_gated_fusion_lr7p5e4_k2_s42,gated_fusion,ucf,42,,0.823578687064529,0.21207868124613094,254,1010560,2026-05-02T05:56:55,2026-05-02T05:58:15,deb785e4412564ab528c6a1c5f8444947e94557645a3fae38b8f96e8500ad099,,,,,,
ucf_gated_fusion_lr7p5e4_k3_s42,gated_fusion,ucf,42,,0.7925709726283747,0.17987634524252125,254,1010560,2026-05-02T05:58:16,2026-05-02T05:59:16,e58ce51cbdae992b6ea17c714c5e9d72f726d0c51fc03f974a6821e2210ed924,,,,,,
ucf_gated_fusion_lr8p5e4_k1_s42,gated_fusion,ucf,42,,0.8157268548156752,0.22716669064198985,254,1010560,2026-05-02T05:59:16,2026-05-02T06:00:06,cfe0dccec18bf72fba1c6922c670b99eed12c0099b27972800af25c31002228e,,,,,,
ucf_gated_fusion_lr8p5e4_k2_s42,gated_fusion,ucf,42,,0.8202828537083621,0.22435247804857328,254,1010560,2026-05-02T06:00:07,2026-05-02T06:01:18,abc90acefce75c07ef8277cbe4cce29f8663c6e73e9877838643055f27aef35e,,,,,,
ucf_gated_fusion_lr8p5e4_k3_s42,gated_fusion,ucf,42,,0.8145139822111294,0.2018094562737479,254,1010560,2026-05-02T06:01:19,2026-05-02T06:02:38,0f9ad9c6991d18624f03f1532a416ae9b16afecc36b3a01faa32af22527463ea,,,,,,
ucf_gated_fusion_lr1p1e3_k1_s42,gated_fusion,ucf,42,,0.8116599216339839,0.20843163668774714,254,1010560,2026-05-02T06:02:38,2026-05-02T06:03:54,40f3fb118616cce7afe3724e186146ee6ba663ffd3613ca83de34187ccd66d5e,,,,,,
ucf_gated_fusion_lr1p1e3_k2_s42,gated_fusion,ucf,42,,0.8051048051426792,0.1989408997994673,254,1010560,2026-05-02T06:03:55,2026-05-02T06:05:13,94786acf0475bbc5df8df6a311aa8d35af4932ec561c941059a014ea46b4904a,,,,,,
ucf_gated_fusion_lr1p1e3_k3_s42,gated_fusion,ucf,42,,0.8063427708625663,0.18436670027249746,254,1010560,2026-05-02T06:05:14,2026-05-02T06:06:28,6316844429c5d536b53fff38593409d1318c147c7cc3d4c7f8f38c739fe70560,,,,,,
ucf_gated_fusion_lr1p3e3_k1_s42,gated_fusion,ucf,42,,0.8207142945534158,0.243257473447712,254,1010560,2026-05-02T06:06:28,2026-05-02T06:07:39,e21eccbc0e631623899416213d5158a890a614ffd743bdc380d22405899ddcb5,,,,,,
ucf_gated_fusion_lr1p3e3_k2_s42,gated_fusion,ucf,42,,0.7902148809067074,0.1837455735400589,254,1010560,2026-05-02T06:07:40,2026-05-02T06:09:02,93b37f9bbb3a82dcf43450b38e037599beca29700af74afe3087d4cfb13c2e46,,,,,,
ucf_gated_fusion_lr1p3e3_k3_s42,gated_fusion,ucf,42,,0.815196130961239,0.2131081117800519,254,1010560,2026-05-02T06:09:02,2026-05-02T06:10:23,6f93d5d7f72a4941d312ddde5ef31b6f609f3bfd42c012b805e231aa2e4af0eb,,,,,,
ucf_gated_fusion_lr1p5e3_k9_s123,gated_fusion,ucf,123,,0.8179569362346446,0.22121385984718905,254,1010560,2026-05-02T06:18:28,2026-05-02T06:19:27,0bf7eab9382041556d1617bc289a1a2e01a2ec432ce87b423684603d83bb8618,,,,,,
ucf_gated_fusion_lr1p5e3_k9_s2024,gated_fusion,ucf,2024,,0.8179724162757277,0.23022362838907268,254,1010560,2026-05-02T06:19:27,2026-05-02T06:20:48,35dc9452a721ef3d9100c43cee021d87c4e63040306fee2de5384e6d10b85a14,,,,,,
ucf_gated_fusion_lr1e3_k1_s123,gated_fusion,ucf,123,,0.8131945129810216,0.2099072806211176,254,1010560,2026-05-02T06:20:49,2026-05-02T06:21:35,e0902cb9b355ec4db76343a040ef1cec66b7bba8bfe537d53822ddb9d17eaf36,,,,,,
ucf_gated_fusion_lr1e3_k1_s2024,gated_fusion,ucf,2024,,0.8227019818361484,0.2184744604012475,254,1010560,2026-05-02T06:21:35,2026-05-02T06:22:52,1879aa2676df6c6a4cd6c0244fdcf4389e1615615b63c4d614f069d72f44e4b5,,,,,,
ucf_clip_only_siglip2_s42,clip_only,ucf,42,siglip2,0.7831566169444825,0.1817738166388471,254,1097050,2026-05-20T02:40:32,2026-05-20T02:43:02,6a82dca13a7e0fa05deb4f3321e92eb626df02c57131802b33f5df91d1c201e4,,,,,,
ucf_late_fusion_siglip2_s42,late_fusion,ucf,42,siglip2,0.7945575283936435,0.19644482224470888,254,1097050,2026-05-20T02:43:03,2026-05-20T02:45:50,42d7898ded19ad01e38e069c3912d55709dd5c0c2c9b80f1245ad78cd816fc03,,,,,,
ucf_gated_fusion_siglip2_s42,gated_fusion,ucf,42,siglip2,0.7903203809122225,0.19267835767455305,254,1097050,2026-05-20T02:45:51,2026-05-20T02:48:49,615bbc8e49711753d4033bb2547faa51c5ebf351da98bf6eb7c43c1105a42671,,,,,,
ucf_gated_fusion_siglip2_2person_s42,gated_fusion,ucf,42,siglip2_2person,0.7872311578621525,0.18385309629721297,254,1097050,2026-05-20T02:49:58,2026-05-20T02:52:39,f5f5998b8150f050fcdf32668a2b37bec2af81a203c180bc205f4a5ba181918e,,,,,,
ucf_gated_fusion_siglip2_clip_mean_s42,gated_fusion,ucf,42,siglip2_clip_mean,0.7935170166333727,0.22953317523060934,254,1097050,2026-05-20T02:52:39,2026-05-20T02:55:10,a69f5ffeebe68e15cc9ef9708d8b9d9e302f1114fb9be68cf02cb07cdaa41db3,,,,,,
ucf_gated_fusion_siglip2_s123,gated_fusion,ucf,123,siglip2,0.790428451958574,0.2093358211382847,254,1097050,2026-05-20T02:55:30,2026-05-20T02:57:04,e1dc050f15bf505c405c9c32d34df0d3d085267aaea605b312081f18275bb776,,,,,,
ucf_gated_fusion_siglip2_s2024,gated_fusion,ucf,2024,siglip2,0.7889362166417588,0.18831844000054732,254,1097050,2026-05-20T02:57:05,2026-05-20T02:59:39,1a489640aeeecc8d79f39726b454745540e742be88339fe3aa23a40a56c3067e,,,,,,
xd_clip_only_siglip2_s42,clip_only,xd,42,siglip2,0.9218235605773765,0.7687426389831701,800,2313024,2026-05-20T07:47:47,2026-05-20T07:51:03,1e3e8a64da756f77dd4af1ea6c46c7d61788c7de0cc0d072549264bd4f9cf565,,,,,,
xd_late_fusion_siglip2_s42,late_fusion,xd,42,siglip2,0.8747443549610731,0.6277181598515785,800,2313024,2026-05-20T07:51:04,2026-05-20T07:54:41,fe2bef0ab967d799ce87c0e2616fc7731fbce306e569d74bed3f10bf098dbb5f,,,,,,
xd_gated_fusion_siglip2_s42,gated_fusion,xd,42,siglip2,0.9209588329340846,0.7560101209306529,800,2313024,2026-05-20T07:54:41,2026-05-20T07:57:10,17f7740e334ef0aaa7dfb7b88fa38e9f152d69c2e2e81154993758b0399bab92,,,,,,
xd_gated_fusion_siglip2_2person_s42,gated_fusion,xd,42,siglip2_2person,0.9144423675698184,0.7186639239996472,800,2313024,2026-05-20T07:57:24,2026-05-20T08:00:04,171ab12c090e32318112720c7a3a85b4b2f4fa59cf352f18351300d6360cb6d5,,,,,,
xd_gated_fusion_siglip2_clip_mean_s42,gated_fusion,xd,42,siglip2_clip_mean,0.9200353455927138,0.7469612912998578,800,2313024,2026-05-20T08:00:04,2026-05-20T08:02:49,5b9a5826d6bf3fb2eb95e67795a5f8591ead685caae298094f9c655a869c2f94,,,,,,
xd_gated_fusion_siglip2_s123,gated_fusion,xd,123,siglip2,0.916454913746892,0.7387174182614018,800,2313024,2026-05-20T08:03:30,2026-05-20T08:05:04,286022b5867a10f4a7feb20aa88ec9597ccacf3ae8211115679c89349efc8ec4,,,,,,
xd_gated_fusion_siglip2_s2024,gated_fusion,xd,2024,siglip2,0.9157660644683878,0.7416816839434361,800,2313024,2026-05-20T08:05:05,2026-05-20T08:07:14,d7496dafb9be10ebc14c4745969a408dcb0dcb7fe4922e97ab744787dcedb377,,,,,,
ucf_clip_only_so400m_s42,clip_only,ucf,42,so400m,0.8092916848061718,0.19996921859619926,254,1097050,2026-05-21T14:34:14,2026-05-21T14:36:06,b92fd94ad8aa327b26a943a7e517ba37bd625e263014c17192cb02c6e0baabb9,,,,,,
ucf_late_fusion_so400m_s42,late_fusion,ucf,42,so400m,0.8000975854362187,0.18672896947039772,254,1097050,2026-05-21T14:36:06,2026-05-21T14:37:38,850156b3dd30756d28b5db564cf1431727f462f5e2bbd443b26bd117df3d11a2,,,,,,
ucf_gated_fusion_so400m_s42,gated_fusion,ucf,42,so400m,0.815207003268438,0.1970652270648237,254,1097050,2026-05-21T14:37:38,2026-05-21T14:39:09,bd479b5d4bba5bbb38c542c6f9dfa882906d0d33b102804a760bae3182c71191,,,,,,
xd_clip_only_so400m_s42,clip_only,xd,42,so400m,0.9283566197012176,0.7724449954980398,800,2313024,2026-05-21T14:39:49,2026-05-21T14:42:54,264e8b724dbec499bfdfa8a21ddbd4472222a25711b7af801b275bff7963e7c3,,,,,,
xd_late_fusion_so400m_s42,late_fusion,xd,42,so400m,0.8973015038028873,0.6586868152140928,800,2313024,2026-05-21T14:42:54,2026-05-21T14:46:07,bdbabbcffff92bcbfb0a4f40e42adfe4fb51c7ee92fd35d8f50d8fb2203638db,,,,,,
xd_gated_fusion_so400m_s42,gated_fusion,xd,42,so400m,0.9351683021610105,0.7974129371935831,800,2313024,2026-05-21T14:46:08,2026-05-21T14:48:17,af32704cf03a77a2536741a1bc0b0f370893f5eacef0dbe0735aec830425ae61,,,,,,
ucf_gated_fusion_so400m_2person_s42,gated_fusion,ucf,42,so400m_2person,0.8132668205702394,0.20324413520835527,254,1097050,2026-05-21T14:48:59,2026-05-21T14:50:14,27eb0ca1ec32eb0d75d48af155514cb511c0e5f3ec7e9ed132c87be138f78d1a,,,,,,
ucf_gated_fusion_so400m_clip_mean_s42,gated_fusion,ucf,42,so400m_clip_mean,0.8184009506734402,0.21202851209205156,254,1097050,2026-05-21T14:50:14,2026-05-21T14:51:43,6352eb654ad2f7f74f7ec7bc34f758b14de132cd8d229444c51549f0f13a9efc,,,,,,
xd_gated_fusion_so400m_2person_s42,gated_fusion,xd,42,so400m_2person,0.9332934396632883,0.7909208849474819,800,2313024,2026-05-21T14:52:19,2026-05-21T14:54:48,3d7f2dce6efc697826f89376917721632ec149f5b753312c4a077f8284591bb5,,,,,,
xd_gated_fusion_so400m_clip_mean_s42,gated_fusion,xd,42,so400m_clip_mean,0.9344203155739855,0.7986520215801324,800,2313024,2026-05-21T14:54:48,2026-05-21T14:57:52,90991a45670224134b31879bd12cd260db21fa5f97d266801931c4eef7c005fa,,,,,,
ucf_gated_fusion_so400m_s123,gated_fusion,ucf,123,so400m,0.8137302969042035,0.21424503555294283,254,1097050,2026-05-21T14:58:29,2026-05-21T14:59:28,3aceab269a92ba01ad045467d243035ac546cb49e97ace0ea5e31dbae6e6ed76,,,,,,
ucf_gated_fusion_so400m_s2024,gated_fusion,ucf,2024,so400m,0.8093164481348274,0.1976969860962521,254,1097050,2026-05-21T14:59:28,2026-05-21T15:00:52,17947e0862aca68ca1911342a83234093f9ad5ff5fe12cad252e489edb89770b,,,,,,
xd_gated_fusion_so400m_s123,gated_fusion,xd,123,so400m,0.9322234627239808,0.784163621805912,800,2313024,2026-05-21T15:01:10,2026-05-21T15:04:00,c3c2a262d45e2dfbd8e7633ad45bb65dfc2b9d7cd78b299b14f54935ba4df8cd,,,,,,
xd_gated_fusion_so400m_s2024,gated_fusion,xd,2024,so400m,0.9317368841250184,0.7799757313150686,800,2313024,2026-05-21T15:04:01,2026-05-21T15:05:59,d0b30529db88f1e6e805efe3eafb1d8eeaab8d295f7aaeaf18a0b5504c099dc1,,,,,,
ucf_clip_only_giant_s42,clip_only,ucf,42,giant,0.8236236449139904,0.23111291649906782,254,1097050,2026-05-22T15:32:05,2026-05-22T15:33:39,72c18312af7b86d9cdc5a0b39ba43a7a19045d8755092c5e48d06a6d64a7b8c7,,,,,,
ucf_late_fusion_giant_s42,late_fusion,ucf,42,giant,0.8076265336511285,0.19428820121197157,254,1097050,2026-05-22T15:33:40,2026-05-22T15:35:10,5b004c1326ba567e0da3e68fbdb6d533586569542101431ff13a4fb22eedab8c,,,,,,
ucf_gated_fusion_giant_s42,gated_fusion,ucf,42,giant,0.8249043114503092,0.27371241896418574,254,1097050,2026-05-22T15:35:10,2026-05-22T15:36:38,7f0c748951be992b2e109992f541890b7ede0205c2728e2023c2c6328c850165,,,,,,
xd_clip_only_giant_s42,clip_only,xd,42,giant,0.9266370880883957,0.757064344735534,800,2313024,2026-05-22T15:37:14,2026-05-22T15:40:30,d4e9dbb7262a95c5b16e503609afe3a9fed2df26915fb94d316036c8ece1e58a,,,,,,
xd_late_fusion_giant_s42,late_fusion,xd,42,giant,0.8980814370207771,0.6596258991173075,800,2313024,2026-05-22T15:40:31,2026-05-22T15:43:34,1828941b7ae2dc85d6f59e145fb842afcfef2a41c6589fc69e6dfad1b95cf690,,,,,,
xd_gated_fusion_giant_s42,gated_fusion,xd,42,giant,0.9264959856564889,0.7360673671860085,800,2313024,2026-05-22T15:43:34,2026-05-22T15:45:56,03eefc49eeb42947f433e252b25e50ab8c66ffb3885d6ea1895ddd20ffd5ee5d,,,,,,
ucf_gated_fusion_giant_2person_s42,gated_fusion,ucf,42,giant_2person,0.8273113285887413,0.2302758754342955,254,1097050,2026-05-22T15:46:31,2026-05-22T15:47:56,ecc58606bbc2ed67b0acd6b4c03102595adc370752794762ac1afcee73dc7cd8,,,,,,
ucf_gated_fusion_giant_clip_mean_s42,gated_fusion,ucf,42,giant_clip_mean,0.8298224536801904,0.2553513419593028,254,1097050,2026-05-22T15:47:57,2026-05-22T15:48:49,998718fd24c37c33f2ccae9bd9ede41d17fbf8a61a20924b8ec6f37f3b2b85c2,,,,,,
xd_gated_fusion_giant_2person_s42,gated_fusion,xd,42,giant_2person,0.9320750848382686,0.7591389797964156,800,2313024,2026-05-22T15:49:27,2026-05-22T15:52:05,87c18d7886a47f20bbbdf2ebb441d639c16ef9f470cee8c0a0308e31ba2823ea,,,,,,
xd_gated_fusion_giant_clip_mean_s42,gated_fusion,xd,42,giant_clip_mean,0.9269403668185628,0.7624995518677746,800,2313024,2026-05-22T15:52:05,2026-05-22T15:55:27,a79280de3ab0d8f723df375a61755843749e3962a86696bef170d4630940bb20,,,,,,
ucf_gated_fusion_giant_s123,gated_fusion,ucf,123,giant,0.8292306466647288,0.24379604160458704,254,1097050,2026-05-22T15:56:03,2026-05-22T15:57:19,e71a458652c1e436229e53fbcf0aedcbfb098c0b031fc584dead6cd84d94aa5a,,,,,,
ucf_gated_fusion_giant_s2024,gated_fusion,ucf,2024,giant,0.822181738742243,0.2107157950713252,254,1097050,2026-05-22T15:57:20,2026-05-22T15:58:38,ecb380a65a617bdd2ea010ef2eca414fe1230262cede001397d41dbbb8cb8a99,,,,,,
xd_gated_fusion_giant_s123,gated_fusion,xd,123,giant,0.9344442945605821,0.7816410514662174,800,2313024,2026-05-22T15:59:13,2026-05-22T16:01:20,45757e5d8139a353606a02059fa189020d88af6649006c4ff66086c79e5f61fc,,,,,,
xd_gated_fusion_giant_s2024,gated_fusion,xd,2024,giant,0.9343892319180941,0.7871353820003083,800,2313024,2026-05-22T16:01:20,2026-05-22T16:03:19,acc19459c47f66fb3d2a5b5f7c443017bd7007bddab5ee0a83dabde5bd75832e,,,,,,
siglip2_source_only_gaussian_noise_1_lr0.0,gated_fusion,ucf,42,gaussian_noise_1,0.5223556975658095,0.08032583184891658,254,1010560,2026-05-30T21:01:56,2026-05-30T21:02:08,,source_only,gaussian_noise,1,0.0,,
siglip2_source_only_gaussian_noise_2_lr0.0,gated_fusion,ucf,42,gaussian_noise_2,0.5278716376043491,0.08560433626885201,254,1010560,2026-05-30T21:02:08,2026-05-30T21:02:18,,source_only,gaussian_noise,2,0.0,,
siglip2_source_only_gaussian_noise_3_lr0.0,gated_fusion,ucf,42,gaussian_noise_3,0.5639099948003157,0.09318691428031692,254,1010560,2026-05-30T21:02:19,2026-05-30T21:02:28,,source_only,gaussian_noise,3,0.0,,
siglip2_source_only_gaussian_noise_4_lr0.0,gated_fusion,ucf,42,gaussian_noise_4,0.5249573714102531,0.0879785880706124,254,1010560,2026-05-30T21:02:28,2026-05-30T21:02:37,,source_only,gaussian_noise,4,0.0,,
siglip2_source_only_gaussian_noise_5_lr0.0,gated_fusion,ucf,42,gaussian_noise_5,0.5951174718664293,0.09390830234965872,254,1010560,2026-05-30T21:02:37,2026-05-30T21:02:46,,source_only,gaussian_noise,5,0.0,,
siglip2_source_only_jpeg_compression_1_lr0.0,gated_fusion,ucf,42,jpeg_compression_1,0.45388278317373576,0.0714007325740902,254,1010560,2026-05-30T21:02:47,2026-05-30T21:02:57,,source_only,jpeg_compression,1,0.0,,
siglip2_source_only_jpeg_compression_2_lr0.0,gated_fusion,ucf,42,jpeg_compression_2,0.4017314847319035,0.06550562919948613,254,1010560,2026-05-30T21:02:58,2026-05-30T21:03:08,,source_only,jpeg_compression,2,0.0,,
siglip2_source_only_jpeg_compression_3_lr0.0,gated_fusion,ucf,42,jpeg_compression_3,0.4140140467552921,0.06764612650560975,254,1010560,2026-05-30T21:03:09,2026-05-30T21:03:20,,source_only,jpeg_compression,3,0.0,,
siglip2_source_only_jpeg_compression_4_lr0.0,gated_fusion,ucf,42,jpeg_compression_4,0.3991476886158988,0.05911304898886706,254,1010560,2026-05-30T21:03:20,2026-05-30T21:03:31,,source_only,jpeg_compression,4,0.0,,
siglip2_source_only_jpeg_compression_5_lr0.0,gated_fusion,ucf,42,jpeg_compression_5,0.3863006386565419,0.05794819617595988,254,1010560,2026-05-30T21:03:31,2026-05-30T21:03:42,,source_only,jpeg_compression,5,0.0,,
siglip2_source_only_brightness_1_lr0.0,gated_fusion,ucf,42,brightness_1,0.7669614391873416,0.17676020886946453,254,1010560,2026-05-30T21:03:43,2026-05-30T21:03:52,,source_only,brightness,1,0.0,,
siglip2_source_only_brightness_2_lr0.0,gated_fusion,ucf,42,brightness_2,0.7724683599922533,0.1775327960916649,254,1010560,2026-05-30T21:03:52,2026-05-30T21:04:01,,source_only,brightness,2,0.0,,
siglip2_source_only_brightness_3_lr0.0,gated_fusion,ucf,42,brightness_3,0.7549437211549824,0.15069484296924168,254,1010560,2026-05-30T21:04:01,2026-05-30T21:04:10,,source_only,brightness,3,0.0,,
siglip2_source_only_brightness_4_lr0.0,gated_fusion,ucf,42,brightness_4,0.7600919979391332,0.16790789394710698,254,1010560,2026-05-30T21:04:10,2026-05-30T21:04:19,,source_only,brightness,4,0.0,,
siglip2_source_only_brightness_5_lr0.0,gated_fusion,ucf,42,brightness_5,0.7506881609713856,0.15991639700134488,254,1010560,2026-05-30T21:04:19,2026-05-30T21:04:54,,source_only,brightness,5,0.0,,
siglip2_source_only_motion_blur_1_lr0.0,gated_fusion,ucf,42,motion_blur_1,0.537344154696684,0.0839627027701499,254,1010560,2026-05-30T21:04:54,2026-05-30T21:05:05,,source_only,motion_blur,1,0.0,,
siglip2_source_only_motion_blur_2_lr0.0,gated_fusion,ucf,42,motion_blur_2,0.5853543836423895,0.11271528855837695,254,1010560,2026-05-30T21:05:05,2026-05-30T21:05:16,,source_only,motion_blur,2,0.0,,
siglip2_source_only_motion_blur_3_lr0.0,gated_fusion,ucf,42,motion_blur_3,0.5347738606413182,0.08501386265339567,254,1010560,2026-05-30T21:05:16,2026-05-30T21:05:26,,source_only,motion_blur,3,0.0,,
siglip2_source_only_motion_blur_4_lr0.0,gated_fusion,ucf,42,motion_blur_4,0.5364346319598052,0.0814878691411891,254,1010560,2026-05-30T21:05:27,2026-05-30T21:05:37,,source_only,motion_blur,4,0.0,,
siglip2_source_only_motion_blur_5_lr0.0,gated_fusion,ucf,42,motion_blur_5,0.571693388032808,0.0995634712892989,254,1010560,2026-05-30T21:05:38,2026-05-30T21:05:48,,source_only,motion_blur,5,0.0,,
siglip2_so400m_source_only_gaussian_noise_1_lr0.0,gated_fusion,ucf,42,gaussian_noise_1,0.5916250102872372,0.1071886130698011,254,1010560,2026-05-30T21:05:49,2026-05-30T21:05:58,,source_only,gaussian_noise,1,0.0,,
siglip2_so400m_source_only_gaussian_noise_2_lr0.0,gated_fusion,ucf,42,gaussian_noise_2,0.5039179684829131,0.08195849830219662,254,1010560,2026-05-30T21:05:58,2026-05-30T21:06:07,,source_only,gaussian_noise,2,0.0,,
siglip2_so400m_source_only_gaussian_noise_3_lr0.0,gated_fusion,ucf,42,gaussian_noise_3,0.48049922028502734,0.07109716360601044,254,1010560,2026-05-30T21:06:07,2026-05-30T21:06:16,,source_only,gaussian_noise,3,0.0,,
siglip2_so400m_source_only_gaussian_noise_4_lr0.0,gated_fusion,ucf,42,gaussian_noise_4,0.4786654761394367,0.07573202109875413,254,1010560,2026-05-30T21:06:16,2026-05-30T21:06:25,,source_only,gaussian_noise,4,0.0,,
siglip2_so400m_source_only_gaussian_noise_5_lr0.0,gated_fusion,ucf,42,gaussian_noise_5,0.4889563100848285,0.07695939319160827,254,1010560,2026-05-30T21:06:26,2026-05-30T21:07:01,,source_only,gaussian_noise,5,0.0,,
siglip2_so400m_source_only_jpeg_compression_1_lr0.0,gated_fusion,ucf,42,jpeg_compression_1,0.5372247346854883,0.0841079208860587,254,1010560,2026-05-30T21:07:01,2026-05-30T21:07:10,,source_only,jpeg_compression,1,0.0,,
siglip2_so400m_source_only_jpeg_compression_2_lr0.0,gated_fusion,ucf,42,jpeg_compression_2,0.5196726184404221,0.07822775399520954,254,1010560,2026-05-30T21:07:11,2026-05-30T21:07:20,,source_only,jpeg_compression,2,0.0,,
siglip2_so400m_source_only_jpeg_compression_3_lr0.0,gated_fusion,ucf,42,jpeg_compression_3,0.5379753581716967,0.08511236934174335,254,1010560,2026-05-30T21:07:21,2026-05-30T21:07:30,,source_only,jpeg_compression,3,0.0,,
siglip2_so400m_source_only_jpeg_compression_4_lr0.0,gated_fusion,ucf,42,jpeg_compression_4,0.4794353748887995,0.07199433698332156,254,1010560,2026-05-30T21:07:31,2026-05-30T21:07:39,,source_only,jpeg_compression,4,0.0,,
siglip2_so400m_source_only_jpeg_compression_5_lr0.0,gated_fusion,ucf,42,jpeg_compression_5,0.45097533051949934,0.06846221970807079,254,1010560,2026-05-30T21:07:40,2026-05-30T21:07:49,,source_only,jpeg_compression,5,0.0,,
siglip2_so400m_source_only_brightness_1_lr0.0,gated_fusion,ucf,42,brightness_1,0.7874634788541043,0.18571232613141897,254,1010560,2026-05-30T21:07:49,2026-05-30T21:07:58,,source_only,brightness,1,0.0,,
siglip2_so400m_source_only_brightness_2_lr0.0,gated_fusion,ucf,42,brightness_2,0.7929108905769398,0.19967852925069318,254,1010560,2026-05-30T21:07:59,2026-05-30T21:08:07,,source_only,brightness,2,0.0,,
siglip2_so400m_source_only_brightness_3_lr0.0,gated_fusion,ucf,42,brightness_3,0.7991739178477107,0.19917398960656124,254,1010560,2026-05-30T21:08:08,2026-05-30T21:08:17,,source_only,brightness,3,0.0,,
siglip2_so400m_source_only_brightness_4_lr0.0,gated_fusion,ucf,42,brightness_4,0.7904587216922982,0.1833569066465939,254,1010560,2026-05-30T21:08:17,2026-05-30T21:08:26,,source_only,brightness,4,0.0,,
siglip2_so400m_source_only_brightness_5_lr0.0,gated_fusion,ucf,42,brightness_5,0.7698980927266903,0.17001530798776002,254,1010560,2026-05-30T21:08:26,2026-05-30T21:08:35,,source_only,brightness,5,0.0,,
siglip2_so400m_source_only_motion_blur_1_lr0.0,gated_fusion,ucf,42,motion_blur_1,0.6036141435999494,0.10717784553541289,254,1010560,2026-05-30T21:08:36,2026-05-30T21:08:45,,source_only,motion_blur,1,0.0,,
siglip2_so400m_source_only_motion_blur_2_lr0.0,gated_fusion,ucf,42,motion_blur_2,0.5558065795128457,0.09215156380200991,254,1010560,2026-05-30T21:08:46,2026-05-30T21:08:54,,source_only,motion_blur,2,0.0,,
siglip2_so400m_source_only_motion_blur_3_lr0.0,gated_fusion,ucf,42,motion_blur_3,0.5406742656056044,0.08674393742528164,254,1010560,2026-05-30T21:08:55,2026-05-30T21:09:04,,source_only,motion_blur,3,0.0,,
siglip2_so400m_source_only_motion_blur_4_lr0.0,gated_fusion,ucf,42,motion_blur_4,0.5349427792782564,0.08756661834502127,254,1010560,2026-05-30T21:09:05,2026-05-30T21:09:14,,source_only,motion_blur,4,0.0,,
siglip2_so400m_source_only_motion_blur_5_lr0.0,gated_fusion,ucf,42,motion_blur_5,0.5014828691676578,0.07654381363157425,254,1010560,2026-05-30T21:09:15,2026-05-30T21:09:24,,source_only,motion_blur,5,0.0,,
siglip2_giant_source_only_gaussian_noise_1_lr0.0,gated_fusion,ucf,42,gaussian_noise_1,0.6310629309560272,0.11479202847388748,254,1010560,2026-05-30T21:09:24,2026-05-30T21:09:33,,source_only,gaussian_noise,1,0.0,,
siglip2_giant_source_only_gaussian_noise_2_lr0.0,gated_fusion,ucf,42,gaussian_noise_2,0.5165483559116761,0.08355676673773957,254,1010560,2026-05-30T21:09:34,2026-05-30T21:09:43,,source_only,gaussian_noise,2,0.0,,
siglip2_giant_source_only_gaussian_noise_3_lr0.0,gated_fusion,ucf,42,gaussian_noise_3,0.5268418107927807,0.08939001937585152,254,1010560,2026-05-30T21:09:43,2026-05-30T21:09:52,,source_only,gaussian_noise,3,0.0,,
siglip2_giant_source_only_gaussian_noise_4_lr0.0,gated_fusion,ucf,42,gaussian_noise_4,0.5339744082744385,0.0834847991523279,254,1010560,2026-05-30T21:09:52,2026-05-30T21:10:02,,source_only,gaussian_noise,4,0.0,,
siglip2_giant_source_only_gaussian_noise_5_lr0.0,gated_fusion,ucf,42,gaussian_noise_5,0.4845418283257258,0.07871005510433635,254,1010560,2026-05-30T21:10:02,2026-05-30T21:10:11,,source_only,gaussian_noise,5,0.0,,
siglip2_giant_source_only_jpeg_compression_1_lr0.0,gated_fusion,ucf,42,jpeg_compression_1,0.48659886547811704,0.07766216619888587,254,1010560,2026-05-30T21:10:12,2026-05-30T21:10:21,,source_only,jpeg_compression,1,0.0,,
siglip2_giant_source_only_jpeg_compression_2_lr0.0,gated_fusion,ucf,42,jpeg_compression_2,0.42959642488553873,0.06616468665883307,254,1010560,2026-05-30T21:10:21,2026-05-30T21:10:30,,source_only,jpeg_compression,2,0.0,,
siglip2_giant_source_only_jpeg_compression_3_lr0.0,gated_fusion,ucf,42,jpeg_compression_3,0.3907510053565696,0.06337213740912058,254,1010560,2026-05-30T21:10:30,2026-05-30T21:10:39,,source_only,jpeg_compression,3,0.0,,
siglip2_giant_source_only_jpeg_compression_4_lr0.0,gated_fusion,ucf,42,jpeg_compression_4,0.38684916879994263,0.060870654088693577,254,1010560,2026-05-30T21:10:40,2026-05-30T21:10:49,,source_only,jpeg_compression,4,0.0,,
siglip2_giant_source_only_jpeg_compression_5_lr0.0,gated_fusion,ucf,42,jpeg_compression_5,0.41234013057353736,0.060713786470694406,254,1010560,2026-05-30T21:10:49,2026-05-30T21:11:23,,source_only,jpeg_compression,5,0.0,,
siglip2_giant_source_only_brightness_1_lr0.0,gated_fusion,ucf,42,brightness_1,0.7902235608028324,0.18257773792282145,254,1010560,2026-05-30T21:11:24,2026-05-30T21:11:34,,source_only,brightness,1,0.0,,
siglip2_giant_source_only_brightness_2_lr0.0,gated_fusion,ucf,42,brightness_2,0.8175443822006038,0.2519707680817757,254,1010560,2026-05-30T21:11:34,2026-05-30T21:11:54,,source_only,brightness,2,0.0,,
siglip2_giant_source_only_brightness_3_lr0.0,gated_fusion,ucf,42,brightness_3,0.7938650361954411,0.170199374748423,254,1010560,2026-05-30T21:11:55,2026-05-30T21:12:04,,source_only,brightness,3,0.0,,
siglip2_giant_source_only_brightness_4_lr0.0,gated_fusion,ucf,42,brightness_4,0.797972136221547,0.21192897249199516,254,1010560,2026-05-30T21:12:04,2026-05-30T21:12:13,,source_only,brightness,4,0.0,,
siglip2_giant_source_only_brightness_5_lr0.0,gated_fusion,ucf,42,brightness_5,0.7798188032207977,0.19360271639864887,254,1010560,2026-05-30T21:12:14,2026-05-30T21:12:23,,source_only,brightness,5,0.0,,
siglip2_giant_source_only_motion_blur_1_lr0.0,gated_fusion,ucf,42,motion_blur_1,0.6611560772424319,0.1334238825686627,254,1010560,2026-05-30T21:12:23,2026-05-30T21:12:32,,source_only,motion_blur,1,0.0,,
siglip2_giant_source_only_motion_blur_2_lr0.0,gated_fusion,ucf,42,motion_blur_2,0.6593093311125219,0.13888578826103987,254,1010560,2026-05-30T21:12:33,2026-05-30T21:12:42,,source_only,motion_blur,2,0.0,,
siglip2_giant_source_only_motion_blur_3_lr0.0,gated_fusion,ucf,42,motion_blur_3,0.6557990364545623,0.13177480985298606,254,1010560,2026-05-30T21:12:42,2026-05-30T21:12:51,,source_only,motion_blur,3,0.0,,
siglip2_giant_source_only_motion_blur_4_lr0.0,gated_fusion,ucf,42,motion_blur_4,0.6670441187127003,0.13704742291654315,254,1010560,2026-05-30T21:12:52,2026-05-30T21:13:00,,source_only,motion_blur,4,0.0,,
siglip2_giant_source_only_motion_blur_5_lr0.0,gated_fusion,ucf,42,motion_blur_5,0.645900900834328,0.13442701605510565,254,1010560,2026-05-30T21:13:01,2026-05-30T21:13:10,,source_only,motion_blur,5,0.0,,
siglip2_tent_gaussian_noise_1_lr0.001,gated_fusion,ucf,42,gaussian_noise_1,0.49946232865669,0.07588281888750234,254,1010560,2026-05-30T21:13:15,2026-05-30T21:13:24,,tent,gaussian_noise,1,0.001,,
siglip2_tent_gaussian_noise_2_lr0.001,gated_fusion,ucf,42,gaussian_noise_2,0.4740508790179704,0.0711585675251394,254,1010560,2026-05-30T21:13:25,2026-05-30T21:13:34,,tent,gaussian_noise,2,0.001,,
siglip2_tent_gaussian_noise_3_lr0.001,gated_fusion,ucf,42,gaussian_noise_3,0.5760327109999996,0.09849702524784192,254,1010560,2026-05-30T21:13:34,2026-05-30T21:13:57,,tent,gaussian_noise,3,0.001,,
siglip2_tent_gaussian_noise_4_lr0.001,gated_fusion,ucf,42,gaussian_noise_4,0.5719223515478797,0.10277789277014114,254,1010560,2026-05-30T21:13:58,2026-05-30T21:14:19,,tent,gaussian_noise,4,0.001,,
siglip2_tent_gaussian_noise_5_lr0.001,gated_fusion,ucf,42,gaussian_noise_5,0.5541395751002278,0.08949254003249399,254,1010560,2026-05-30T21:14:19,2026-05-30T21:14:36,,tent,gaussian_noise,5,0.001,,
siglip2_tent_jpeg_compression_1_lr0.001,gated_fusion,ucf,42,jpeg_compression_1,0.4289829294702134,0.06637525392392474,254,1010560,2026-05-30T21:14:37,2026-05-30T21:14:54,,tent,jpeg_compression,1,0.001,,
siglip2_tent_jpeg_compression_2_lr0.001,gated_fusion,ucf,42,jpeg_compression_2,0.41639683005053774,0.06274309165162315,254,1010560,2026-05-30T21:14:54,2026-05-30T21:15:03,,tent,jpeg_compression,2,0.001,,
siglip2_tent_jpeg_compression_3_lr0.001,gated_fusion,ucf,42,jpeg_compression_3,0.41037280800594195,0.0689162524896054,254,1010560,2026-05-30T21:15:04,2026-05-30T21:15:25,,tent,jpeg_compression,3,0.001,,
siglip2_tent_jpeg_compression_4_lr0.001,gated_fusion,ucf,42,jpeg_compression_4,0.40143522523205877,0.0592090690360111,254,1010560,2026-05-30T21:15:25,2026-05-30T21:15:34,,tent,jpeg_compression,4,0.001,,
siglip2_tent_jpeg_compression_5_lr0.001,gated_fusion,ucf,42,jpeg_compression_5,0.4016985154145226,0.05956434608933116,254,1010560,2026-05-30T21:15:35,2026-05-30T21:15:44,,tent,jpeg_compression,5,0.001,,
siglip2_tent_brightness_1_lr0.001,gated_fusion,ucf,42,brightness_1,0.7642308974612284,0.1709774602922705,254,1010560,2026-05-30T21:15:44,2026-05-30T21:15:53,,tent,brightness,1,0.001,,
siglip2_tent_brightness_2_lr0.001,gated_fusion,ucf,42,brightness_2,0.7659834685041671,0.1795262554090784,254,1010560,2026-05-30T21:15:54,2026-05-30T21:16:03,,tent,brightness,2,0.001,,
siglip2_tent_brightness_3_lr0.001,gated_fusion,ucf,42,brightness_3,0.7730418493019808,0.17694004395848645,254,1010560,2026-05-30T21:16:03,2026-05-30T21:16:12,,tent,brightness,3,0.001,,
siglip2_tent_brightness_4_lr0.001,gated_fusion,ucf,42,brightness_4,0.7565907225148016,0.1648605558661103,254,1010560,2026-05-30T21:16:13,2026-05-30T21:16:22,,tent,brightness,4,0.001,,
siglip2_tent_brightness_5_lr0.001,gated_fusion,ucf,42,brightness_5,0.7531217913124512,0.1577360990586914,254,1010560,2026-05-30T21:16:22,2026-05-30T21:16:31,,tent,brightness,5,0.001,,
siglip2_tent_motion_blur_1_lr0.001,gated_fusion,ucf,42,motion_blur_1,0.5190796529440185,0.07894068337230367,254,1010560,2026-05-30T21:16:32,2026-05-30T21:16:41,,tent,motion_blur,1,0.001,,
siglip2_tent_motion_blur_2_lr0.001,gated_fusion,ucf,42,motion_blur_2,0.5613502023476694,0.11120379631841751,254,1010560,2026-05-30T21:16:41,2026-05-30T21:16:50,,tent,motion_blur,2,0.001,,
siglip2_tent_motion_blur_3_lr0.001,gated_fusion,ucf,42,motion_blur_3,0.5577148261001775,0.08997931429040013,254,1010560,2026-05-30T21:16:51,2026-05-30T21:17:00,,tent,motion_blur,3,0.001,,
siglip2_tent_motion_blur_4_lr0.001,gated_fusion,ucf,42,motion_blur_4,0.5418531553452279,0.09409293207126218,254,1010560,2026-05-30T21:17:00,2026-05-30T21:17:09,,tent,motion_blur,4,0.001,,
siglip2_tent_motion_blur_5_lr0.001,gated_fusion,ucf,42,motion_blur_5,0.5673226584867355,0.09565667659580003,254,1010560,2026-05-30T21:17:10,2026-05-30T21:17:28,,tent,motion_blur,5,0.001,,
siglip2_so400m_tent_gaussian_noise_1_lr0.001,gated_fusion,ucf,42,gaussian_noise_1,0.5866941193583575,0.09303284423053595,254,1010560,2026-05-30T21:17:29,2026-05-30T21:18:02,,tent,gaussian_noise,1,0.001,,
siglip2_so400m_tent_gaussian_noise_2_lr0.001,gated_fusion,ucf,42,gaussian_noise_2,0.5087824564204484,0.07758332545163554,254,1010560,2026-05-30T21:18:03,2026-05-30T21:18:12,,tent,gaussian_noise,2,0.001,,
siglip2_so400m_tent_gaussian_noise_3_lr0.001,gated_fusion,ucf,42,gaussian_noise_3,0.4970812018642543,0.07748108394229074,254,1010560,2026-05-30T21:18:13,2026-05-30T21:18:21,,tent,gaussian_noise,3,0.001,,
siglip2_so400m_tent_gaussian_noise_4_lr0.001,gated_fusion,ucf,42,gaussian_noise_4,0.4826704891567945,0.07301667041332015,254,1010560,2026-05-30T21:18:22,2026-05-30T21:18:31,,tent,gaussian_noise,4,0.001,,
siglip2_so400m_tent_gaussian_noise_5_lr0.001,gated_fusion,ucf,42,gaussian_noise_5,0.4585656094581078,0.07131882562716702,254,1010560,2026-05-30T21:18:32,2026-05-30T21:18:40,,tent,gaussian_noise,5,0.001,,
siglip2_so400m_tent_jpeg_compression_1_lr0.001,gated_fusion,ucf,42,jpeg_compression_1,0.5400389231060503,0.08423920002036187,254,1010560,2026-05-30T21:18:41,2026-05-30T21:18:50,,tent,jpeg_compression,1,0.001,,
siglip2_so400m_tent_jpeg_compression_2_lr0.001,gated_fusion,ucf,42,jpeg_compression_2,0.5123650746161835,0.08015523356118497,254,1010560,2026-05-30T21:18:51,2026-05-30T21:19:01,,tent,jpeg_compression,2,0.001,,
siglip2_so400m_tent_jpeg_compression_3_lr0.001,gated_fusion,ucf,42,jpeg_compression_3,0.5244888177583104,0.08358355474303743,254,1010560,2026-05-30T21:19:01,2026-05-30T21:19:36,,tent,jpeg_compression,3,0.001,,
siglip2_so400m_tent_jpeg_compression_4_lr0.001,gated_fusion,ucf,42,jpeg_compression_4,0.44127590379697845,0.06609217687600735,254,1010560,2026-05-30T21:19:36,2026-05-30T21:19:45,,tent,jpeg_compression,4,0.001,,
siglip2_so400m_tent_jpeg_compression_5_lr0.001,gated_fusion,ucf,42,jpeg_compression_5,0.4593908827299731,0.07067813044895674,254,1010560,2026-05-30T21:19:46,2026-05-30T21:19:55,,tent,jpeg_compression,5,0.001,,
siglip2_so400m_tent_brightness_1_lr0.001,gated_fusion,ucf,42,brightness_1,0.7838396936613145,0.16437188789342527,254,1010560,2026-05-30T21:19:55,2026-05-30T21:20:04,,tent,brightness,1,0.001,,
siglip2_so400m_tent_brightness_2_lr0.001,gated_fusion,ucf,42,brightness_2,0.7979047687972998,0.20422138867799405,254,1010560,2026-05-30T21:20:05,2026-05-30T21:20:14,,tent,brightness,2,0.001,,
siglip2_so400m_tent_brightness_3_lr0.001,gated_fusion,ucf,42,brightness_3,0.7933746220643683,0.19171143788802258,254,1010560,2026-05-30T21:20:14,2026-05-30T21:20:23,,tent,brightness,3,0.001,,
siglip2_so400m_tent_brightness_4_lr0.001,gated_fusion,ucf,42,brightness_4,0.7885569314474545,0.19765587733004875,254,1010560,2026-05-30T21:20:24,2026-05-30T21:20:33,,tent,brightness,4,0.001,,
siglip2_so400m_tent_brightness_5_lr0.001,gated_fusion,ucf,42,brightness_5,0.790211800079379,0.20338042740756612,254,1010560,2026-05-30T21:20:33,2026-05-30T21:20:42,,tent,brightness,5,0.001,,
siglip2_so400m_tent_motion_blur_1_lr0.001,gated_fusion,ucf,42,motion_blur_1,0.5903355188465247,0.09045943555157397,254,1010560,2026-05-30T21:20:43,2026-05-30T21:20:52,,tent,motion_blur,1,0.001,,
siglip2_so400m_tent_motion_blur_2_lr0.001,gated_fusion,ucf,42,motion_blur_2,0.5676147566372034,0.10751310763544186,254,1010560,2026-05-30T21:20:52,2026-05-30T21:21:01,,tent,motion_blur,2,0.001,,
siglip2_so400m_tent_motion_blur_3_lr0.001,gated_fusion,ucf,42,motion_blur_3,0.5381868904550438,0.09115003588599196,254,1010560,2026-05-30T21:21:02,2026-05-30T21:21:11,,tent,motion_blur,3,0.001,,
siglip2_so400m_tent_motion_blur_4_lr0.001,gated_fusion,ucf,42,motion_blur_4,0.4984254918467078,0.07764421546412865,254,1010560,2026-05-30T21:21:12,2026-05-30T21:21:21,,tent,motion_blur,4,0.001,,
siglip2_so400m_tent_motion_blur_5_lr0.001,gated_fusion,ucf,42,motion_blur_5,0.5287711052352226,0.08282271220454146,254,1010560,2026-05-30T21:21:21,2026-05-30T21:21:30,,tent,motion_blur,5,0.001,,
siglip2_giant_tent_gaussian_noise_1_lr0.001,gated_fusion,ucf,42,gaussian_noise_1,0.6536799853735278,0.13228992408378915,254,1010560,2026-05-30T21:21:31,2026-05-30T21:21:40,,tent,gaussian_noise,1,0.001,,
siglip2_giant_tent_gaussian_noise_2_lr0.001,gated_fusion,ucf,42,gaussian_noise_2,0.5209562786340465,0.08939772154247211,254,1010560,2026-05-30T21:21:40,2026-05-30T21:21:49,,tent,gaussian_noise,2,0.001,,
siglip2_giant_tent_gaussian_noise_3_lr0.001,gated_fusion,ucf,42,gaussian_noise_3,0.5266467542381897,0.09020420778088858,254,1010560,2026-05-30T21:21:50,2026-05-30T21:21:59,,tent,gaussian_noise,3,0.001,,
siglip2_giant_tent_gaussian_noise_4_lr0.001,gated_fusion,ucf,42,gaussian_noise_4,0.5004000342661726,0.07713958277548408,254,1010560,2026-05-30T21:22:00,2026-05-30T21:22:09,,tent,gaussian_noise,4,0.001,,
siglip2_giant_tent_gaussian_noise_5_lr0.001,gated_fusion,ucf,42,gaussian_noise_5,0.5033564229602918,0.07820879444525654,254,1010560,2026-05-30T21:22:10,2026-05-30T21:22:44,,tent,gaussian_noise,5,0.001,,
siglip2_giant_tent_jpeg_compression_1_lr0.001,gated_fusion,ucf,42,jpeg_compression_1,0.48837548483408555,0.079302764923009,254,1010560,2026-05-30T21:22:45,2026-05-30T21:22:54,,tent,jpeg_compression,1,0.001,,
siglip2_giant_tent_jpeg_compression_2_lr0.001,gated_fusion,ucf,42,jpeg_compression_2,0.4027545873029552,0.0631054494619555,254,1010560,2026-05-30T21:22:55,2026-05-30T21:23:29,,tent,jpeg_compression,2,0.001,,
siglip2_giant_tent_jpeg_compression_3_lr0.001,gated_fusion,ucf,42,jpeg_compression_3,0.406326703895971,0.06390808524797112,254,1010560,2026-05-30T21:23:30,2026-05-30T21:23:39,,tent,jpeg_compression,3,0.001,,
siglip2_giant_tent_jpeg_compression_4_lr0.001,gated_fusion,ucf,42,jpeg_compression_4,0.3795233275403536,0.06093939086714381,254,1010560,2026-05-30T21:23:40,2026-05-30T21:23:48,,tent,jpeg_compression,4,0.001,,
siglip2_giant_tent_jpeg_compression_5_lr0.001,gated_fusion,ucf,42,jpeg_compression_5,0.4534714168209552,0.06570741881919459,254,1010560,2026-05-30T21:23:49,2026-05-30T21:23:58,,tent,jpeg_compression,5,0.001,,
siglip2_giant_tent_brightness_1_lr0.001,gated_fusion,ucf,42,brightness_1,0.786570221992526,0.18289248322339002,254,1010560,2026-05-30T21:23:59,2026-05-30T21:24:08,,tent,brightness,1,0.001,,
siglip2_giant_tent_brightness_2_lr0.001,gated_fusion,ucf,42,brightness_2,0.799398077058137,0.20103934194186676,254,1010560,2026-05-30T21:24:09,2026-05-30T21:24:43,,tent,brightness,2,0.001,,
siglip2_giant_tent_brightness_3_lr0.001,gated_fusion,ucf,42,brightness_3,0.8063418510793351,0.22412961532567846,254,1010560,2026-05-30T21:24:44,2026-05-30T21:24:52,,tent,brightness,3,0.001,,
siglip2_giant_tent_brightness_4_lr0.001,gated_fusion,ucf,42,brightness_4,0.7835098531435905,0.17228481436632898,254,1010560,2026-05-30T21:24:53,2026-05-30T21:25:02,,tent,brightness,4,0.001,,
siglip2_giant_tent_brightness_5_lr0.001,gated_fusion,ucf,42,brightness_5,0.7852517305902225,0.20347648220037953,254,1010560,2026-05-30T21:25:03,2026-05-30T21:25:11,,tent,brightness,5,0.001,,
siglip2_giant_tent_motion_blur_1_lr0.001,gated_fusion,ucf,42,motion_blur_1,0.6552019096087818,0.13656088016137205,254,1010560,2026-05-30T21:25:12,2026-05-30T21:25:21,,tent,motion_blur,1,0.001,,
siglip2_giant_tent_motion_blur_2_lr0.001,gated_fusion,ucf,42,motion_blur_2,0.6504056329742839,0.14335465741578954,254,1010560,2026-05-30T21:25:22,2026-05-30T21:25:30,,tent,motion_blur,2,0.001,,
siglip2_giant_tent_motion_blur_3_lr0.001,gated_fusion,ucf,42,motion_blur_3,0.659000158927701,0.1377484000047193,254,1010560,2026-05-30T21:25:31,2026-05-30T21:25:40,,tent,motion_blur,3,0.001,,
siglip2_giant_tent_motion_blur_4_lr0.001,gated_fusion,ucf,42,motion_blur_4,0.6532075427352039,0.13798730279538007,254,1010560,2026-05-30T21:25:41,2026-05-30T21:25:50,,tent,motion_blur,4,0.001,,
siglip2_giant_tent_motion_blur_5_lr0.001,gated_fusion,ucf,42,motion_blur_5,0.6479058050303625,0.12724971130509885,254,1010560,2026-05-30T21:25:50,2026-05-30T21:25:59,,tent,motion_blur,5,0.001,,
siglip2_sar_gaussian_noise_1_lr0.001_rho0.05,gated_fusion,ucf,42,gaussian_noise_1,0.4940740330988225,0.07471866543653041,254,1010560,2026-05-30T21:26:04,2026-05-30T21:26:15,,sar,gaussian_noise,1,0.001,0.05,
siglip2_sar_gaussian_noise_2_lr0.001_rho0.05,gated_fusion,ucf,42,gaussian_noise_2,0.5474555371476479,0.08635814501603589,254,1010560,2026-05-30T21:26:16,2026-05-30T21:26:52,,sar,gaussian_noise,2,0.001,0.05,
siglip2_sar_gaussian_noise_3_lr0.001_rho0.05,gated_fusion,ucf,42,gaussian_noise_3,0.5277000131973224,0.08282891689254362,254,1010560,2026-05-30T21:26:52,2026-05-30T21:27:03,,sar,gaussian_noise,3,0.001,0.05,
siglip2_sar_gaussian_noise_4_lr0.001_rho0.05,gated_fusion,ucf,42,gaussian_noise_4,0.5042186349053276,0.07564991323871367,254,1010560,2026-05-30T21:27:03,2026-05-30T21:27:14,,sar,gaussian_noise,4,0.001,0.05,
siglip2_sar_gaussian_noise_5_lr0.001_rho0.05,gated_fusion,ucf,42,gaussian_noise_5,0.6036551945078583,0.11833314150266283,254,1010560,2026-05-30T21:27:14,2026-05-30T21:27:25,,sar,gaussian_noise,5,0.001,0.05,
siglip2_sar_jpeg_compression_1_lr0.001_rho0.05,gated_fusion,ucf,42,jpeg_compression_1,0.46419420508262205,0.07080173883678517,254,1010560,2026-05-30T21:27:25,2026-05-30T21:27:36,,sar,jpeg_compression,1,0.001,0.05,
siglip2_sar_jpeg_compression_2_lr0.001_rho0.05,gated_fusion,ucf,42,jpeg_compression_2,0.4526166435111789,0.07703025016761411,254,1010560,2026-05-30T21:27:37,2026-05-30T21:27:47,,sar,jpeg_compression,2,0.001,0.05,
siglip2_sar_jpeg_compression_3_lr0.001_rho0.05,gated_fusion,ucf,42,jpeg_compression_3,0.43129425543130917,0.06809896834051118,254,1010560,2026-05-30T21:27:48,2026-05-30T21:27:58,,sar,jpeg_compression,3,0.001,0.05,
siglip2_sar_jpeg_compression_4_lr0.001_rho0.05,gated_fusion,ucf,42,jpeg_compression_4,0.4090596924240781,0.060546378461593886,254,1010560,2026-05-30T21:27:59,2026-05-30T21:28:09,,sar,jpeg_compression,4,0.001,0.05,
siglip2_sar_jpeg_compression_5_lr0.001_rho0.05,gated_fusion,ucf,42,jpeg_compression_5,0.3724284143813792,0.056972731756229744,254,1010560,2026-05-30T21:28:10,2026-05-30T21:28:21,,sar,jpeg_compression,5,0.001,0.05,
siglip2_sar_brightness_1_lr0.001_rho0.05,gated_fusion,ucf,42,brightness_1,0.7653584624035481,0.18266906336780095,254,1010560,2026-05-30T21:28:21,2026-05-30T21:28:32,,sar,brightness,1,0.001,0.05,
siglip2_sar_brightness_2_lr0.001_rho0.05,gated_fusion,ucf,42,brightness_2,0.7623235706571281,0.1910304547233748,254,1010560,2026-05-30T21:28:32,2026-05-30T21:28:43,,sar,brightness,2,0.001,0.05,
siglip2_sar_brightness_3_lr0.001_rho0.05,gated_fusion,ucf,42,brightness_3,0.7528000279202879,0.16512612420351258,254,1010560,2026-05-30T21:28:43,2026-05-30T21:28:54,,sar,brightness,3,0.001,0.05,
siglip2_sar_brightness_4_lr0.001_rho0.05,gated_fusion,ucf,42,brightness_4,0.7617644674715337,0.16620806694104387,254,1010560,2026-05-30T21:28:54,2026-05-30T21:29:05,,sar,brightness,4,0.001,0.05,
siglip2_sar_brightness_5_lr0.001_rho0.05,gated_fusion,ucf,42,brightness_5,0.7468735162931189,0.17165205683463042,254,1010560,2026-05-30T21:29:05,2026-05-30T21:29:16,,sar,brightness,5,0.001,0.05,
siglip2_sar_motion_blur_1_lr0.001_rho0.05,gated_fusion,ucf,42,motion_blur_1,0.5194952074359787,0.08138689807248697,254,1010560,2026-05-30T21:29:17,2026-05-30T21:29:27,,sar,motion_blur,1,0.001,0.05,
siglip2_sar_motion_blur_2_lr0.001_rho0.05,gated_fusion,ucf,42,motion_blur_2,0.5512448029526763,0.09479728200677762,254,1010560,2026-05-30T21:29:28,2026-05-30T21:29:54,,sar,motion_blur,2,0.001,0.05,
siglip2_sar_motion_blur_3_lr0.001_rho0.05,gated_fusion,ucf,42,motion_blur_3,0.5453491621083313,0.09115075599894958,254,1010560,2026-05-30T21:29:54,2026-05-30T21:30:05,,sar,motion_blur,3,0.001,0.05,
siglip2_sar_motion_blur_4_lr0.001_rho0.05,gated_fusion,ucf,42,motion_blur_4,0.53418407420152,0.08265272537191029,254,1010560,2026-05-30T21:30:05,2026-05-30T21:30:20,,sar,motion_blur,4,0.001,0.05,
siglip2_sar_motion_blur_5_lr0.001_rho0.05,gated_fusion,ucf,42,motion_blur_5,0.5636264693867616,0.09165324510072481,254,1010560,2026-05-30T21:30:21,2026-05-30T21:30:39,,sar,motion_blur,5,0.001,0.05,
siglip2_so400m_sar_gaussian_noise_1_lr0.001_rho0.05,gated_fusion,ucf,42,gaussian_noise_1,0.5988625791464173,0.12275397232098953,254,1010560,2026-05-30T21:30:39,2026-05-30T21:30:50,,sar,gaussian_noise,1,0.001,0.05,
siglip2_so400m_sar_gaussian_noise_2_lr0.001_rho0.05,gated_fusion,ucf,42,gaussian_noise_2,0.5312463312101884,0.09219660326943893,254,1010560,2026-05-30T21:30:51,2026-05-30T21:31:01,,sar,gaussian_noise,2,0.001,0.05,
siglip2_so400m_sar_gaussian_noise_3_lr0.001_rho0.05,gated_fusion,ucf,42,gaussian_noise_3,0.4758822433360741,0.07403031118866653,254,1010560,2026-05-30T21:31:02,2026-05-30T21:31:12,,sar,gaussian_noise,3,0.001,0.05,
siglip2_so400m_sar_gaussian_noise_4_lr0.001_rho0.05,gated_fusion,ucf,42,gaussian_noise_4,0.479844263184816,0.07601448510309841,254,1010560,2026-05-30T21:31:13,2026-05-30T21:31:23,,sar,gaussian_noise,4,0.001,0.05,
siglip2_so400m_sar_gaussian_noise_5_lr0.001_rho0.05,gated_fusion,ucf,42,gaussian_noise_5,0.46578868949891017,0.0712338079738717,254,1010560,2026-05-30T21:31:24,2026-05-30T21:31:35,,sar,gaussian_noise,5,0.001,0.05,
siglip2_so400m_sar_jpeg_compression_1_lr0.001_rho0.05,gated_fusion,ucf,42,jpeg_compression_1,0.5423332554022015,0.0882122964378592,254,1010560,2026-05-30T21:31:35,2026-05-30T21:31:46,,sar,jpeg_compression,1,0.001,0.05,
siglip2_so400m_sar_jpeg_compression_2_lr0.001_rho0.05,gated_fusion,ucf,42,jpeg_compression_2,0.5361603311683677,0.08188830385826744,254,1010560,2026-05-30T21:31:46,2026-05-30T21:31:57,,sar,jpeg_compression,2,0.001,0.05,
siglip2_so400m_sar_jpeg_compression_3_lr0.001_rho0.05,gated_fusion,ucf,42,jpeg_compression_3,0.5506220650553657,0.08859560451446075,254,1010560,2026-05-30T21:31:57,2026-05-30T21:32:08,,sar,jpeg_compression,3,0.001,0.05,
siglip2_so400m_sar_jpeg_compression_4_lr0.001_rho0.05,gated_fusion,ucf,42,jpeg_compression_4,0.4357693580493067,0.06966430333836562,254,1010560,2026-05-30T21:32:09,2026-05-30T21:32:19,,sar,jpeg_compression,4,0.001,0.05,
siglip2_so400m_sar_jpeg_compression_5_lr0.001_rho0.05,gated_fusion,ucf,42,jpeg_compression_5,0.42971897930366837,0.06632404279390333,254,1010560,2026-05-30T21:32:20,2026-05-30T21:32:30,,sar,jpeg_compression,5,0.001,0.05,
siglip2_so400m_sar_brightness_1_lr0.001_rho0.05,gated_fusion,ucf,42,brightness_1,0.7803598768690703,0.17486954725001835,254,1010560,2026-05-30T21:32:31,2026-05-30T21:32:42,,sar,brightness,1,0.001,0.05,
siglip2_so400m_sar_brightness_2_lr0.001_rho0.05,gated_fusion,ucf,42,brightness_2,0.7948020363401154,0.20422991032228646,254,1010560,2026-05-30T21:32:42,2026-05-30T21:33:18,,sar,brightness,2,0.001,0.05,
siglip2_so400m_sar_brightness_3_lr0.001_rho0.05,gated_fusion,ucf,42,brightness_3,0.7769620815232354,0.16963370706871173,254,1010560,2026-05-30T21:33:19,2026-05-30T21:33:29,,sar,brightness,3,0.001,0.05,
siglip2_so400m_sar_brightness_4_lr0.001_rho0.05,gated_fusion,ucf,42,brightness_4,0.787626896651523,0.18300702022708198,254,1010560,2026-05-30T21:33:30,2026-05-30T21:33:40,,sar,brightness,4,0.001,0.05,
siglip2_so400m_sar_brightness_5_lr0.001_rho0.05,gated_fusion,ucf,42,brightness_5,0.7819724265424174,0.19353584319110487,254,1010560,2026-05-30T21:33:41,2026-05-30T21:33:51,,sar,brightness,5,0.001,0.05,
siglip2_so400m_sar_motion_blur_1_lr0.001_rho0.05,gated_fusion,ucf,42,motion_blur_1,0.6000585205955584,0.09959436016924263,254,1010560,2026-05-30T21:33:52,2026-05-30T21:34:03,,sar,motion_blur,1,0.001,0.05,
siglip2_so400m_sar_motion_blur_2_lr0.001_rho0.05,gated_fusion,ucf,42,motion_blur_2,0.5180737047767284,0.08062775805463672,254,1010560,2026-05-30T21:34:04,2026-05-30T21:34:14,,sar,motion_blur,2,0.001,0.05,
siglip2_so400m_sar_motion_blur_3_lr0.001_rho0.05,gated_fusion,ucf,42,motion_blur_3,0.5471678861044542,0.08531563473490171,254,1010560,2026-05-30T21:34:15,2026-05-30T21:34:51,,sar,motion_blur,3,0.001,0.05,
siglip2_so400m_sar_motion_blur_4_lr0.001_rho0.05,gated_fusion,ucf,42,motion_blur_4,0.5572858945666581,0.09093833651576184,254,1010560,2026-05-30T21:34:52,2026-05-30T21:35:03,,sar,motion_blur,4,0.001,0.05,
siglip2_so400m_sar_motion_blur_5_lr0.001_rho0.05,gated_fusion,ucf,42,motion_blur_5,0.5503407810553173,0.09345981101889833,254,1010560,2026-05-30T21:35:03,2026-05-30T21:35:32,,sar,motion_blur,5,0.001,0.05,
siglip2_giant_sar_gaussian_noise_1_lr0.001_rho0.05,gated_fusion,ucf,42,gaussian_noise_1,0.6216509498882117,0.11354267022842277,254,1010560,2026-05-30T21:35:33,2026-05-30T21:35:43,,sar,gaussian_noise,1,0.001,0.05,
siglip2_giant_sar_gaussian_noise_2_lr0.001_rho0.05,gated_fusion,ucf,42,gaussian_noise_2,0.5403204660741932,0.09010580458753174,254,1010560,2026-05-30T21:35:44,2026-05-30T21:35:54,,sar,gaussian_noise,2,0.001,0.05,
siglip2_giant_sar_gaussian_noise_3_lr0.001_rho0.05,gated_fusion,ucf,42,gaussian_noise_3,0.5332355276518153,0.09284887347988285,254,1010560,2026-05-30T21:35:55,2026-05-30T21:36:06,,sar,gaussian_noise,3,0.001,0.05,
siglip2_giant_sar_gaussian_noise_4_lr0.001_rho0.05,gated_fusion,ucf,42,gaussian_noise_4,0.5109536717126099,0.08087255096834223,254,1010560,2026-05-30T21:36:06,2026-05-30T21:36:25,,sar,gaussian_noise,4,0.001,0.05,
siglip2_giant_sar_gaussian_noise_5_lr0.001_rho0.05,gated_fusion,ucf,42,gaussian_noise_5,0.49300408409251084,0.07475412022055342,254,1010560,2026-05-30T21:36:25,2026-05-30T21:37:02,,sar,gaussian_noise,5,0.001,0.05,
siglip2_giant_sar_jpeg_compression_1_lr0.001_rho0.05,gated_fusion,ucf,42,jpeg_compression_1,0.4721032514204411,0.07019780746875419,254,1010560,2026-05-30T21:37:03,2026-05-30T21:37:13,,sar,jpeg_compression,1,0.001,0.05,
siglip2_giant_sar_jpeg_compression_2_lr0.001_rho0.05,gated_fusion,ucf,42,jpeg_compression_2,0.4013912185159015,0.06305640646704909,254,1010560,2026-05-30T21:37:14,2026-05-30T21:37:24,,sar,jpeg_compression,2,0.001,0.05,
siglip2_giant_sar_jpeg_compression_3_lr0.001_rho0.05,gated_fusion,ucf,42,jpeg_compression_3,0.39257693580966074,0.060809401559155034,254,1010560,2026-05-30T21:37:25,2026-05-30T21:37:36,,sar,jpeg_compression,3,0.001,0.05,
siglip2_giant_sar_jpeg_compression_4_lr0.001_rho0.05,gated_fusion,ucf,42,jpeg_compression_4,0.39755948194341306,0.06295417136992773,254,1010560,2026-05-30T21:37:36,2026-05-30T21:37:47,,sar,jpeg_compression,4,0.001,0.05,
siglip2_giant_sar_jpeg_compression_5_lr0.001_rho0.05,gated_fusion,ucf,42,jpeg_compression_5,0.4547338684206523,0.06420675242734612,254,1010560,2026-05-30T21:37:47,2026-05-30T21:37:58,,sar,jpeg_compression,5,0.001,0.05,
siglip2_giant_sar_brightness_1_lr0.001_rho0.05,gated_fusion,ucf,42,brightness_1,0.7917109127975015,0.21020710623329003,254,1010560,2026-05-30T21:37:59,2026-05-30T21:38:09,,sar,brightness,1,0.001,0.05,
siglip2_giant_sar_brightness_2_lr0.001_rho0.05,gated_fusion,ucf,42,brightness_2,0.8004631592502633,0.20361183786231357,254,1010560,2026-05-30T21:38:10,2026-05-30T21:38:20,,sar,brightness,2,0.001,0.05,
siglip2_giant_sar_brightness_3_lr0.001_rho0.05,gated_fusion,ucf,42,brightness_3,0.8141194577144106,0.20066973854381942,254,1010560,2026-05-30T21:38:21,2026-05-30T21:38:31,,sar,brightness,3,0.001,0.05,
siglip2_giant_sar_brightness_4_lr0.001_rho0.05,gated_fusion,ucf,42,brightness_4,0.7964763811587158,0.19889597190110833,254,1010560,2026-05-30T21:38:32,2026-05-30T21:38:42,,sar,brightness,4,0.001,0.05,
siglip2_giant_sar_brightness_5_lr0.001_rho0.05,gated_fusion,ucf,42,brightness_5,0.7786752536961076,0.1706685524207225,254,1010560,2026-05-30T21:38:43,2026-05-30T21:38:54,,sar,brightness,5,0.001,0.05,
siglip2_giant_sar_motion_blur_1_lr0.001_rho0.05,gated_fusion,ucf,42,motion_blur_1,0.6619897223276894,0.1411502660747412,254,1010560,2026-05-30T21:38:54,2026-05-30T21:39:05,,sar,motion_blur,1,0.001,0.05,
siglip2_giant_sar_motion_blur_2_lr0.001_rho0.05,gated_fusion,ucf,42,motion_blur_2,0.6538715637187147,0.13789863008153908,254,1010560,2026-05-30T21:39:05,2026-05-30T21:39:16,,sar,motion_blur,2,0.001,0.05,
siglip2_giant_sar_motion_blur_3_lr0.001_rho0.05,gated_fusion,ucf,42,motion_blur_3,0.6605213821631135,0.14372075412638258,254,1010560,2026-05-30T21:39:16,2026-05-30T21:39:27,,sar,motion_blur,3,0.001,0.05,
siglip2_giant_sar_motion_blur_4_lr0.001_rho0.05,gated_fusion,ucf,42,motion_blur_4,0.659437877516557,0.13611330955049797,254,1010560,2026-05-30T21:39:27,2026-05-30T21:39:38,,sar,motion_blur,4,0.001,0.05,
siglip2_giant_sar_motion_blur_5_lr0.001_rho0.05,gated_fusion,ucf,42,motion_blur_5,0.6398583447111235,0.12515684133024568,254,1010560,2026-05-30T21:39:38,2026-05-30T21:39:49,,sar,motion_blur,5,0.001,0.05,
ucf_clip_only_s123,clip_only,ucf,123,,0.8130351934007859,0.20976187031610827,254,1097050,2026-06-09T03:30:15,2026-06-09T03:32:07,934d9d6a54d01e4bb96ff785f39875e486b78c430049a74bc141d3c0f06781a8,,,,,,
ucf_clip_only_s2024,clip_only,ucf,2024,,0.8111552427059,0.20800223160078643,254,1097050,2026-06-09T03:32:08,2026-06-09T03:33:28,3ea6216791caa110581fe66ad5279ebc208cf66382f92b95bc93a3db8c442599,,,,,,
xd_clip_only_s123,clip_only,xd,123,,0.9181439518947084,0.7590448546210102,800,2313024,2026-06-09T03:33:28,2026-06-09T03:36:42,8e228ce3e09e6c21b0a4538f05e82fa323b5bdeab905b0966fa562e039a5a2d3,,,,,,
xd_clip_only_s2024,clip_only,xd,2024,,0.9112144926000374,0.728811316572238,800,2313024,2026-06-09T03:36:42,2026-06-09T03:38:33,018432afa341a755f7d1ff693c817007d98e2d02c4d3458cfc8ea4a1c60d3329,,,,,,
ucf_clip_only_siglip2_s123,clip_only,ucf,123,siglip2,0.7814630662364428,0.1836029273726275,254,1097050,2026-06-09T03:38:34,2026-06-09T03:40:01,6ef20f4f2a4a80d0140ac9aec63e3608352e94e4994a032756049ee57325ce88,,,,,,
ucf_clip_only_siglip2_s2024,clip_only,ucf,2024,siglip2,0.7913358201916421,0.20439397468611126,254,1097050,2026-06-09T03:40:02,2026-06-09T03:41:24,5ed800e254c39b7e05a085d389d5ae2a517d4b74d329e42cd4593cdb1d5c3b6a,,,,,,
xd_clip_only_siglip2_s123,clip_only,xd,123,siglip2,0.9160835117507746,0.735377826907628,800,2313024,2026-06-09T03:41:24,2026-06-09T03:43:55,291ca13c00e8b53da3ec8527a58df1bf439f0b0dbe7f03e2ec38ed00e888e48e,,,,,,
xd_clip_only_siglip2_s2024,clip_only,xd,2024,siglip2,0.9127583128635443,0.7307919474711233,800,2313024,2026-06-09T03:43:55,2026-06-09T03:45:39,eb65b65f178839df02b3df1bf38c35f3bca2e061ee9f67cc165b2c18a56a9573,,,,,,
ucf_clip_only_so400m_s123,clip_only,ucf,123,so400m,0.8148201195097727,0.2045352079196815,254,1097050,2026-06-09T03:45:40,2026-06-09T03:47:07,1a89a56ff1e58a7e11d893c88ffb43c8499675cd766988488a2490c5d26f41de,,,,,,
ucf_clip_only_so400m_s2024,clip_only,ucf,2024,so400m,0.8099441306573443,0.20902088217129514,254,1097050,2026-06-09T03:47:08,2026-06-09T03:48:34,d173a57c459537175e43d228cff1847d06dd010415660d492eec7d9cce27ef88,,,,,,
xd_clip_only_so400m_s123,clip_only,xd,123,so400m,0.9328598610337506,0.7835515618293525,800,2313024,2026-06-09T03:48:35,2026-06-09T03:52:04,fdb4956f46b4139ea2f2e8a9f29f3ed5d28d37d09b3c915a98c4679c64a10df1,,,,,,
xd_clip_only_so400m_s2024,clip_only,xd,2024,so400m,0.9230573198623866,0.7417112939178422,800,2313024,2026-06-09T03:52:04,2026-06-09T03:54:03,e321ebaf9eeab75e313e0852fae23254f470ac06296ae6299c5280efa2225536,,,,,,
ucf_clip_only_giant_s123,clip_only,ucf,123,giant,0.8217412789081262,0.21002326639925528,254,1097050,2026-06-09T03:54:03,2026-06-09T03:55:28,5ae6192183f5c0ea07d366e07f2ea179c5f6f3adff060e2a4e65f0396a105fa5,,,,,,
ucf_clip_only_giant_s2024,clip_only,ucf,2024,giant,0.8251677824849292,0.2203120466664641,254,1097050,2026-06-09T03:55:28,2026-06-09T03:56:49,c325431887063d13fe56759663c72acc1088e199db4a94b3c221e69473f907e0,,,,,,
xd_clip_only_giant_s123,clip_only,xd,123,giant,0.9358432635123263,0.7759864278641329,800,2313024,2026-06-09T03:56:50,2026-06-09T04:00:41,7461181a0e97ad79479d3086aeb516a69de38470009250599636f483c9fc03e9,,,,,,
xd_clip_only_giant_s2024,clip_only,xd,2024,giant,0.9317623265413716,0.7716319332283521,800,2313024,2026-06-09T04:00:42,2026-06-09T04:02:54,9aeff3a1030de1bae33cdca0c0440998ce3c0415bf02b75f2b95e891c2904062,,,,,,
ucf_late_fusion_s123,late_fusion,ucf,123,,0.7882400068491003,0.18806948659627737,254,1097050,2026-06-10T08:36:31,2026-06-10T08:38:43,0e5aa9e5076e460ae12cf893f0588a770f3fb54cec46767fb45cbee07a96337f,,,,,,
ucf_late_fusion_s2024,late_fusion,ucf,2024,,0.7936610760867833,0.19309832002465713,254,1097050,2026-06-10T08:38:43,2026-06-10T08:40:17,77ac19bf6237f2b134239838e6936f8a956d8ff8ed8765acf7c4e4a003fb4faf,,,,,,
xd_late_fusion_s123,late_fusion,xd,123,,0.8827930343427202,0.6382402456662168,800,2313024,2026-06-10T08:40:17,2026-06-10T08:44:50,1ca54a7a4669d7b3bed5f29f165a5e8a099e4e10039348c4e18389d22cae6637,,,,,,
xd_late_fusion_s2024,late_fusion,xd,2024,,0.8864935366173331,0.6338946109182544,800,2313024,2026-06-10T08:44:51,2026-06-10T08:48:16,ff343bc94999cecbe5281bd67f4842851b859993d5acef0d7b5e39a420047257,,,,,,
ucf_late_fusion_siglip2_s123,late_fusion,ucf,123,siglip2,0.7548039911110849,0.1651620834719619,254,1097050,2026-06-10T08:48:17,2026-06-10T08:50:16,5f8680ffeefa592387e405a45e1ec86c95f634ea99c01f0285fb76af222f890b,,,,,,
ucf_late_fusion_siglip2_s2024,late_fusion,ucf,2024,siglip2,0.768030907623902,0.18589097419494793,254,1097050,2026-06-10T08:50:17,2026-06-10T08:51:48,850205f1b025182476e9ed178f25f47e2ce11be22e66c11d90ca3e29509dcfcc,,,,,,
xd_late_fusion_siglip2_s123,late_fusion,xd,123,siglip2,0.8809012947345698,0.6411529338326871,800,2313024,2026-06-10T08:51:49,2026-06-10T08:55:28,7d69bdc237f87a254fccf580a716c697cc468d24a69acdba298bc07e5a0fc8e9,,,,,,
xd_late_fusion_siglip2_s2024,late_fusion,xd,2024,siglip2,0.8844718588364537,0.638958028644831,800,2313024,2026-06-10T08:55:28,2026-06-10T08:59:20,70bdf35226f7ac56db317847fc47e11e7b458a32085fc0b9213d71c41c740881,,,,,,
ucf_late_fusion_so400m_s123,late_fusion,ucf,123,so400m,0.7763730897253986,0.18436441753983943,254,1097050,2026-06-10T08:59:20,2026-06-10T09:01:01,8e802b728b7d6c38b24724008c517b834af7d22fdca9c53b74a8bf940bb7062d,,,,,,
ucf_late_fusion_so400m_s2024,late_fusion,ucf,2024,so400m,0.7954012486105452,0.18951993785515198,254,1097050,2026-06-10T09:01:02,2026-06-10T09:03:18,b34be67dff1670f644d0ac6978571f4b2cc1fc9b3c5770d6526b3cd599df6552,,,,,,
xd_late_fusion_so400m_s123,late_fusion,xd,123,so400m,0.8966374427771695,0.6619483342650018,800,2313024,2026-06-10T09:03:18,2026-06-10T09:08:17,e54bc8dbd2a968fb4f9b69880053e9876ed7a9dea979d0951a793c2d93e93853,,,,,,
xd_late_fusion_so400m_s2024,late_fusion,xd,2024,so400m,0.8946960748055294,0.6514496646829446,800,2313024,2026-06-10T09:08:18,2026-06-10T09:11:40,9970105e05a6e7081cae8ba3d3be4af933667fef4cdbba4aad9139ecbdda49e5,,,,,,
ucf_late_fusion_giant_s123,late_fusion,ucf,123,giant,0.794143126403548,0.19376047757104403,254,1097050,2026-06-10T09:11:41,2026-06-10T09:14:18,343d7662f1b4ec56881d2ae3825ad6851cac30c138dff6f25cfdf2a12aee7cb2,,,,,,
ucf_late_fusion_giant_s2024,late_fusion,ucf,2024,giant,0.7938582493142089,0.19441184818623455,254,1097050,2026-06-10T09:14:19,2026-06-10T09:15:20,2b8a055b0d7ee2238c4a9c4713581cddd6537e95fb1ae9fb3bf5c18087fc2191,,,,,,
xd_late_fusion_giant_s123,late_fusion,xd,123,giant,0.8950830379459095,0.6581638057314587,800,2313024,2026-06-10T09:15:21,2026-06-10T09:20:09,f84ba4d6c72231462405c81427864a5b5695102908af8f2dbe7b4d0661208739,,,,,,
xd_late_fusion_giant_s2024,late_fusion,xd,2024,giant,0.8983130351866591,0.6524150453231351,800,2313024,2026-06-10T09:20:09,2026-06-10T09:23:26,b41c06ca66d614a10fd816c1295785ec61bf2ed31fcf76421e208778843799b6,,,,,,
ucf_gated_fusion_2person_s123,gated_fusion,ucf,123,2person,0.8190074271389275,0.2467867336510346,254,1097050,2026-06-10T09:23:27,2026-06-10T09:25:04,dbd1727d13cf3f145cd34d4df786b22408059d299c6a52fc5a02585a668f2b3f,,,,,,
ucf_gated_fusion_2person_s2024,gated_fusion,ucf,2024,2person,0.8102444518013155,0.22838412774158598,254,1097050,2026-06-10T09:25:05,2026-06-10T09:26:30,2f226b9dfc1a0c85d563c8bd5a730dc19c4127897962e002b8d6b3852da700a0,,,,,,
xd_gated_fusion_2person_s123,gated_fusion,xd,123,2person,0.921907084837149,0.7401344850483211,800,2313024,2026-06-10T09:26:31,2026-06-10T09:29:22,89008e72948909a8070a9ab286ccc9e3aba354890134201022ea0474f2127880,,,,,,
xd_gated_fusion_2person_s2024,gated_fusion,xd,2024,2person,0.9190439495849642,0.7433953952597595,800,2313024,2026-06-10T09:29:23,2026-06-10T09:31:44,e19e95c97e2602d997239d36f807561152e77298f4d757a669235c1d320264a7,,,,,,
ucf_gated_fusion_siglip2_2person_s123,gated_fusion,ucf,123,siglip2_2person,0.8017761931539921,0.2172985913276163,254,1097050,2026-06-10T09:31:45,2026-06-10T09:33:00,f279fe4f7e7865eac7d88bebcac437c85a466baa355acf1da2802dd15cefb5a0,,,,,,
ucf_gated_fusion_siglip2_2person_s2024,gated_fusion,ucf,2024,siglip2_2person,0.7946296399267758,0.20763702468105108,254,1097050,2026-06-10T09:33:00,2026-06-10T09:34:24,cf86ccbdea6a4785f2fab6ee500cb01ad53a8be4457b8fc7a67c8a6eb8a06cae,,,,,,
xd_gated_fusion_siglip2_2person_s123,gated_fusion,xd,123,siglip2_2person,0.911992304085393,0.7230437037361135,800,2313024,2026-06-10T09:34:25,2026-06-10T09:36:30,ab97f4c5fe1dbca6860687769f18a9481f5154b0df0690553cb9ba04f157ff47,,,,,,
xd_gated_fusion_siglip2_2person_s2024,gated_fusion,xd,2024,siglip2_2person,0.9206492460803111,0.755485950054205,800,2313024,2026-06-10T09:36:30,2026-06-10T09:38:17,4fe2659c9adbdb655d0fe02078e93c129cbda3960db597ccb402692a5b16ac44,,,,,,
ucf_gated_fusion_so400m_2person_s123,gated_fusion,ucf,123,so400m_2person,0.8171907468189107,0.23101857957079522,254,1097050,2026-06-10T09:38:17,2026-06-10T09:39:40,782e798222d20c66648067bb7c18200dd589f9cf4d95e9124cf445b5a94e6f0a,,,,,,
ucf_gated_fusion_so400m_2person_s2024,gated_fusion,ucf,2024,so400m_2person,0.819584251271599,0.2222574553411464,254,1097050,2026-06-10T09:39:41,2026-06-10T09:41:12,351ec22d5e450de2dcfcf7d5f104c0feccf1013760b627f31434688d18e74963,,,,,,
xd_gated_fusion_so400m_2person_s123,gated_fusion,xd,123,so400m_2person,0.932476922619657,0.7948333490906496,800,2313024,2026-06-10T09:41:12,2026-06-10T09:46:33,d4def0a025fb1538e3520273182ec9ecc2c493fc927599e93005f7d6af1e8b21,,,,,,
xd_gated_fusion_so400m_2person_s2024,gated_fusion,xd,2024,so400m_2person,0.9336244506346838,0.7899933993873579,800,2313024,2026-06-10T09:46:34,2026-06-10T09:52:47,b38d3b2c74294a33c6265a8a1dc12f391722b561ede8cf01b45319ffac115f90,,,,,,
ucf_gated_fusion_giant_2person_s123,gated_fusion,ucf,123,giant_2person,0.8224158195099853,0.23501029313881794,254,1097050,2026-06-10T09:52:48,2026-06-10T09:54:12,12993e6ba3e50cb74edccd183276d8d3f48eaec21cefc52141733dca833a708c,,,,,,
ucf_gated_fusion_giant_2person_s2024,gated_fusion,ucf,2024,giant_2person,0.8277532736613473,0.2854430412542109,254,1097050,2026-06-10T09:54:13,2026-06-10T09:55:35,2953046cd1e34e12b5f42a94c6080537bfac84afcae8ea6309a6132fdc41351d,,,,,,
xd_gated_fusion_giant_2person_s123,gated_fusion,xd,123,giant_2person,0.9325831956454637,0.768509250466116,800,2313024,2026-06-10T09:55:35,2026-06-10T09:58:05,5ce7dd24fd4df340c2ed0da626d05a37325daf690bdd38555461d5043460cdcf,,,,,,
xd_gated_fusion_giant_2person_s2024,gated_fusion,xd,2024,giant_2person,0.9312406309116363,0.7513323935824615,800,2313024,2026-06-10T09:58:05,2026-06-10T10:00:36,9c757ad4e269a885e5ea6c51705043eb44ed61a63b367ddc4dfa754cf6776e1d,,,,,,
ucf_gated_fusion_clip_mean_s123,gated_fusion,ucf,123,clip_mean,0.8097774343667631,0.2368574542864771,254,1097050,2026-06-10T10:00:37,2026-06-10T10:02:02,244f8fa052f1eb173418d4e04781e4be6bf8262a4e31461f23534b96cf50aa9a,,,,,,
ucf_gated_fusion_clip_mean_s2024,gated_fusion,ucf,2024,clip_mean,0.7976817052610602,0.21977519285766084,254,1097050,2026-06-10T10:02:03,2026-06-10T10:03:24,fb6be718b2a2561c74d026cc4db6d3d6ce6dfb610a663c6689e9da386dd596bf,,,,,,
xd_gated_fusion_clip_mean_s123,gated_fusion,xd,123,clip_mean,0.9241010751368426,0.7582116091511143,800,2313024,2026-06-10T10:03:24,2026-06-10T10:05:34,fa86a59658171b9bc3fa2d899ee05c50fce359bf9fc0579485374423ee84ab25,,,,,,
xd_gated_fusion_clip_mean_s2024,gated_fusion,xd,2024,clip_mean,0.9219989541833713,0.7565976493870858,800,2313024,2026-06-10T10:05:35,2026-06-10T10:07:25,c7da931e4e8e85c6d9bc021135b4f88802c9feb0c579bd2b74dc5a23daf75e3f,,,,,,
ucf_gated_fusion_siglip2_clip_mean_s123,gated_fusion,ucf,123,siglip2_clip_mean,0.7906206382043748,0.20351831045495966,254,1097050,2026-06-10T10:07:26,2026-06-10T10:08:48,262e35dd8420a0d20fcb0470fe93d9c93462a4644fdf7ad301c4a311b407be98,,,,,,
ucf_gated_fusion_siglip2_clip_mean_s2024,gated_fusion,ucf,2024,siglip2_clip_mean,0.7923480400076615,0.23003891274966465,254,1097050,2026-06-10T10:08:49,2026-06-10T10:10:10,69e7d316012c3948e88122471a50e8fabc00deabf1cd188bb801717016a9ce8d,,,,,,
xd_gated_fusion_siglip2_clip_mean_s123,gated_fusion,xd,123,siglip2_clip_mean,0.9135674221668852,0.7311002272979444,800,2313024,2026-06-10T10:10:10,2026-06-10T10:12:33,6b1588aa097f1478971700b1a6183ba75a619ec40d839d65a493cb665ab9d847,,,,,,
xd_gated_fusion_siglip2_clip_mean_s2024,gated_fusion,xd,2024,siglip2_clip_mean,0.9188401483733384,0.740663149134799,800,2313024,2026-06-10T10:12:33,2026-06-10T10:14:32,df4d53e14ef2e0b2907216ebdc2b9da0d1e5bec370cef055e1a8a1aff9503eb2,,,,,,
ucf_gated_fusion_so400m_clip_mean_s123,gated_fusion,ucf,123,so400m_clip_mean,0.8273533120513913,0.24653598455864875,254,1097050,2026-06-10T10:14:33,2026-06-10T10:15:54,3e576c790e49ffbb19405c7df511009d270d532a19cf6a437f16b2f327a0bc65,,,,,,
ucf_gated_fusion_so400m_clip_mean_s2024,gated_fusion,ucf,2024,so400m_clip_mean,0.8140339585565501,0.21986062648979304,254,1097050,2026-06-10T10:15:55,2026-06-10T10:17:17,a2d79ec7cd905bcd0968f0705d77cb792cc739342af6343cb0cbff678b7f8447,,,,,,
xd_gated_fusion_so400m_clip_mean_s123,gated_fusion,xd,123,so400m_clip_mean,0.9329956794433764,0.7780657054290693,800,2313024,2026-06-10T10:17:18,2026-06-10T10:19:42,c7ed5b3bf543a605a2cbd19df4dc57e9817a0a21af9b86b183688a1e8b508182,,,,,,
xd_gated_fusion_so400m_clip_mean_s2024,gated_fusion,xd,2024,so400m_clip_mean,0.9315762987643984,0.7749849692710059,800,2313024,2026-06-10T10:19:43,2026-06-10T10:22:01,53c50fae4638ee022e7e6a2f60576646fb9822cf5d7d56235f6b554973d719ee,,,,,,
ucf_gated_fusion_giant_clip_mean_s123,gated_fusion,ucf,123,giant_clip_mean,0.8231847818509627,0.23060544698159358,254,1097050,2026-06-10T10:22:01,2026-06-10T10:23:37,28b3b2eee655ea16812b1bb61e3e73df5325accc17185c5a7d063086d8464cbe,,,,,,
ucf_gated_fusion_giant_clip_mean_s2024,gated_fusion,ucf,2024,giant_clip_mean,0.8223715541474196,0.24184522056578794,254,1097050,2026-06-10T10:23:38,2026-06-10T10:24:54,22c5475c1d14d18b29bd6d34552db889c830e1afcd875acb4a1c849da8d9a657,,,,,,
xd_gated_fusion_giant_clip_mean_s123,gated_fusion,xd,123,giant_clip_mean,0.9265304693543573,0.7488480387277091,800,2313024,2026-06-10T10:24:54,2026-06-10T10:27:30,8fb30e17b3d049443971ef1d7ad5644236ccdeb10e8175a8b8e9e7fe1e745469,,,,,,
xd_gated_fusion_giant_clip_mean_s2024,gated_fusion,xd,2024,giant_clip_mean,0.9286529274956161,0.7770448542262343,800,2313024,2026-06-10T10:27:30,2026-06-10T10:29:16,a8090a41a16cba46d54529779ffa1cf39d5eb45af6887af8c3d153c8c75ef0e7,,,,,,
ucf_skeleton_only_s123,skeleton_only,ucf,123,,0.6622440522435059,0.1232370519190011,254,1097050,2026-06-10T10:29:16,2026-06-10T10:30:31,a555946699a42b55df204d6194a1bd9664d2059f5440632feffc1458bca476ff,,,,,,
ucf_skeleton_only_s2024,skeleton_only,ucf,2024,,0.6829464175893065,0.1293348169410464,254,1097050,2026-06-10T10:30:31,2026-06-10T10:31:50,d81fd50816571f916bfbd1c60d4756a8dcffdf11fd419479938f211b3ef81a69,,,,,,
xd_skeleton_only_s123,skeleton_only,xd,123,,0.7240860804955281,0.412951240380792,800,2313024,2026-06-10T10:31:50,2026-06-10T10:34:17,62cf19a91bdfa4ef34bf7bb4448f63c44a479de5813621e341af78d1354d156f,,,,,,
xd_skeleton_only_s2024,skeleton_only,xd,2024,,0.7188380161108453,0.401288688703057,800,2313024,2026-06-10T10:34:18,2026-06-10T10:36:25,edc70c0ffba54bf6952b905ab757fec33ca4912b08127a3e207ede7f4ba90448,,,,,,
